Workbook

Sheet 要約
A1: リベティコリア 3ヶ月 運営資金 申請
A2: 対象期間 2026-10 〜 2026-12 | 提出先 日本本社 | 作成日 2026-09-18 | 為替 0.11 円/ウォン
A4: 結論
B5: 申請総額 | C5: =明細!E29 -> 43193588 | D5: =C5*0.11 -> 4751294.7 | E5: 実際に消える費用 + 仮配送の回転資金
B6: └ 実消費額 | C6: =明細!E27 -> 29648588 | D6: =C6*0.11 -> 3261344.7 | E6: ①+②+③+⑤ 回収されず消えるお金
B7: └ 仮配送 回転運営資金 | C7: =明細!E28 -> 13545000 | D7: =C7*0.11 -> 1489950 | E7: ④ 精算で回収 → 翌月に再利用
A9: 区分別 金額
B10: 区分 | C10: 3ヶ月 金額 | D10: 円換算 | E10: 備考
A11: ① | B11: 3ヶ月 固定費 | C11: =明細!E10 -> 17385000 | D11: =C11*0.11 -> 1912350 | E11: 人件費・税務費・家賃・管理費
A12: ② | B12: 3ヶ月 マーケティング・運営費 | C12: =明細!E18 -> 8340000 | D12: =C12*0.11 -> 917400 | E12: ★ 削減反映 (従来 15,960,000ウォン)
A13: ③ | B13: 仮配送 関連費用 | C13: =明細!E23 -> 2511750 | D13: =C13*0.11 -> 276292.5 | E13: 配送費 + 税金計算書 手数料5%
A14: ⑤ | B14: 予備費 | C14: =明細!E25 -> 1411838 | D14: =C14*0.11 -> 155302.18 | E14: (①+②+③) × 5%
B15: 実消費 小計 | C15: =明細!E27 -> 29648588 | D15: =C15*0.11 -> 3261344.7 | E15: 上記4項目の合計
A16: ④ | B16: 仮配送 回転運営資金 | C16: =明細!E28 -> 13545000 | D16: =C16*0.11 -> 1489950 | E16: 1ヶ月分のみ必要 (精算で回収)
A17: ■ | B17: 申請総額 | C17: =明細!E29 -> 43193588 | D17: =C17*0.11 -> 4751294.7
A19: 削減内訳 (マーケティング・運営費)
B20: 項目 | C20: 従来 (月) | D20: 削減後 (月) | E20: 差額
B21: メタ広告費 | C21: 3960000 | D21: 2000000 | E21: =D21-C21 -> -1960000
B22: NAVER・Coupang マーケティング | C22: 500000 | D22: 300000 | E22: =D22-C22 -> -200000
B23: 宅配費 | C23: 60000 | D23: 60000 | E23: =D23-C23 -> 0
B24: 交通費・出張 | C24: 650000 | D24: 300000 | E24: =D24-C24 -> -350000
B25: その他運営費 | C25: 150000 | D25: 120000 | E25: =D25-C25 -> -30000
B26: 3ヶ月 合計 | C26: =SUM(C21:C25)*3 -> 15960000 | D26: =SUM(D21:D25)*3 -> 8340000 | E26: =D26-C26 -> -7620000
A28: 注記
A29: ◆ 申請総額は 51,194,588ウォン → 43,193,588ウォン へ、8,001,000ウォン(−15.6%)削減しました。(円換算 ¥5,631,405 → ¥4,751,295)
A30: ◆ 申請総額 43,193,588ウォンのうち 13,545,000ウォンは仮配送の回転資金です。精算で回収して再利用するため、実際になくなるお金は 29,648,588ウォンです。
A31: ◆ メタ広告費は実績(3,960,000ウォン/月)の半分にあたる 2,000,000ウォン/月で計上しました。10月は在庫が22個しかなく大規模な広告投下ができないため、11月入荷後に段階的に増やす前提です。
A32: ◆ 出張費(航空980,000 + 宿泊135,500)は今回の3ヶ月算定から除外しています。撮影・コンテンツ制作費とEMSも除外済みです。
A33: ◆ 税金計算書 手数料(2,031,750ウォン)が発生しない場合、総額は 41,060,250ウォンまで下がります。
A34: ◆ 商品仕入代金と800個の通関費用は本申請に含まれていません(別件)。

Sheet 明細
A1: 詳細内訳
A2: 「実績」は 2025.12〜2026.08 の実支出から算出、「見込み」は根拠を明記した仮定値です。
B4: 項目 | C4: 従来(月) | D4: 削減後(月) | E4: 3ヶ月 | F4: 円換算 | G4: 区分 | H4: 算定根拠
A5: ① | B5: 3ヶ月 固定費
B6: 人件費 | C6: 5000000 | D6: 5000000 | E6: =D6*3 -> 15000000 | F6: =E6*0.11 -> 1650000 | G6: 確定 | H6: 指定金額
B7: 税務費 | C7: 80000 | D7: 80000 | E7: =D7*3 -> 240000 | F7: =E7*0.11 -> 26400 | G7: 確定 | H7: 指定金額
B8: 事務所家賃 | C8: 550000 | D8: 550000 | E8: =D8*3 -> 1650000 | F8: =E8*0.11 -> 181500 | G8: 確定 | H8: 指定金額
B9: 管理費 | C9: 165000 | D9: 165000 | E9: =D9*3 -> 495000 | F9: =E9*0.11 -> 54450 | G9: 確定 | H9: 指定金額
B10: ① 小計 | C10: =SUM(C6:C9) -> 5795000 | D10: =SUM(D6:D9) -> 5795000 | E10: =SUM(E6:E9) -> 17385000 | F10: =E10*0.11 -> 1912350
A12: ② | B12: 3ヶ月 マーケティング・運営費
B13: メタ広告費 | C13: 3960000 | D13: 2000000 | E13: =D13*3 -> 6000000 | F13: =E13*0.11 -> 660000 | G13: 削減 | H13: 実績3,960,000は7/18〜8/19の集中投下分。10月は在庫22個のみで大規模投下は不可。11月入荷後に段階的拡大する前提で実績の半分に設定
B14: NAVER・Coupang マーケティング | C14: 500000 | D14: 300000 | E14: =D14*3 -> 900000 | F14: =E14*0.11 -> 99000 | G14: 削減 | H14: 実績ベース151,700ウォン/月。再開分を見込み、実績の約2倍の水準に縮小
B15: 宅配費 | C15: 60000 | D15: 60000 | E15: =D15*3 -> 180000 | F15: =E15*0.11 -> 19800 | G15: 据置 | H15: 実績420,300÷7回=60,043。すでに最小水準のため据え置き
B16: 交通費・出張 | C16: 650000 | D16: 300000 | E16: =D16*3 -> 900000 | F16: =E16*0.11 -> 99000 | G16: 削減 | H16: 出張(航空980,000+宿泊135,500)を除外。日常交通256,667+駐車25,550=282,217を丸め
B17: その他運営費 | C17: 150000 | D17: 120000 | E17: =D17*3 -> 360000 | F17: =E17*0.11 -> 39600 | G17: 削減 | H17: 実績 携帯55,500+その他49,000+ソフトウェア9,900=114,400を丸め
B18: ② 小計 | C18: =SUM(C13:C17) -> 5320000 | D18: =SUM(D13:D17) -> 2780000 | E18: =SUM(E13:E17) -> 8340000 | F18: =E18*0.11 -> 917400
A20: ③ | B20: 仮配送 関連費用
B21: 仮配送 配送費 | E21: 480000 | F21: =E21*0.11 -> 52800 | G21: 確定 | H21: 6ヶ月 960,000ウォンの3ヶ月分 (1件3,000ウォン × 165件)
B22: 税金計算書 発行手数料 5% | E22: 2031750 | F22: =E22*0.11 -> 223492.5 | G22: 条件付 | H22: 仮配送 注文額 13,545,000 × 5% × 3ヶ月
B23: ③ 小計 | E23: =SUM(E21:E22) -> 2511750 | F23: =E23*0.11 -> 276292.5
A25: ⑤ | B25: 予備費 | E25: =ROUND((E10+E18+E23)*0.05,0) -> 1411838 | F25: =E25*0.11 -> 155302.18 | G25: 見込み | H25: (①+②+③) × 5%。為替変動・緊急対応用。一般的な10%より保守的に設定
B27: 実消費 小計 (①+②+③+⑤) | E27: =E10+E18+E23+E25 -> 29648588 | F27: =E27*0.11 -> 3261344.7
A28: ④ | B28: 仮配送 回転運営資金 (1ヶ月分) | E28: 13545000 | F28: =E28*0.11 -> 1489950 | G28: 確定 | H28: S 30個×219,000 + M 25個×279,000。精算で回収して翌月に再利用
A29: ■ | B29: 申請総額 | E29: =E27+E28 -> 43193588 | F29: =E29*0.11 -> 4751294.7

Sheet 月別
A1: 月別 資金所要
A2: 1ヶ月目に仮配送の回転資金が一括で入るため初月のみ大きくなります。2ヶ月目以降は同額です。
A4: 区分 | B4: 1ヶ月目 | C4: 2ヶ月目 | D4: 3ヶ月目 | E4: 3ヶ月 合計 | F4: 備考
A5: ① 固定費 | B5: 5795000 | C5: 5795000 | D5: 5795000 | E5: =SUM(B5:D5) -> 17385000 | F5: 毎月同額
A6: ② マーケティング・運営費 | B6: 2780000 | C6: 2780000 | D6: 2780000 | E6: =SUM(B6:D6) -> 8340000 | F6: 削減反映
A7: ③ 仮配送 配送費・手数料 | B7: 837250 | C7: 837250 | D7: 837250 | E7: =SUM(B7:D7) -> 2511750 | F7: 配送費160,000 + 手数料677,250
A8: ⑤ 予備費 | B8: 470612.67 | C8: 470612.67 | D8: 470612.67 | E8: =SUM(B8:D8) -> 1411838 | F8: 3ヶ月 均等配分
A9: ④ 仮配送 回転運営資金 | B9: 13545000 | E9: =SUM(B9:D9) -> 13545000 | F9: 1ヶ月目のみ必要
A10: 月 所要額 | B10: =SUM(A5:A9) -> 23427863 | C10: =SUM(B5:B9) -> 9882862.7 | D10: =SUM(C5:C9) -> 9882862.7 | E10: =SUM(B10:D10) -> 43193588
A11: 円換算 | B11: =A10*0.11 -> 2577064.9 | C11: =B10*0.11 -> 1087114.9 | D11: =C10*0.11 -> 1087114.9 | E11: =E10*0.11 -> 4751294.7
A13: 注記
A14: ◆ 1ヶ月目 23,427,863ウォン (¥2,577,065) / 2〜3ヶ月目 各 9,882,863ウォン (¥1,087,115)
A15: ◆ 仮配送 回転資金 13,545,000ウォンは1ヶ月目のみ投入し、以降は精算で回収した資金を再利用します。
A16: ◆ 現在の在庫22個では月55件の仮配送は困難です。800個入荷(11月中旬)以降に本格稼働できるため、必要に応じて回転資金の投入を2ヶ月目へ調整できます。
