Workbook

Sheet 05_使い方
A1: 使い方（1日3分）
A2: 毎日やること、週1回やること、数字の取り方の順で書いてあります。
A4: 毎日（3分）
A5: 1 | B5: 01_日次入力 に1行ずつ足す | C5: NAVER・Coupang それぞれ1行。日付・訪問者数・商品閲覧・カート追加・注文数・売上・在庫状態を入れる。
A6: 2 | B6: 02_メタ広告 に1行足す | C6: 広告を回している日だけ。広告費・表示回数・クリック・LPビュー・CV・売上。
A7: 3 | B7: P列/16列の判定マークを見る | C7: ✕ が出たらその日のうちに原因を1つメモ欄に書く。
A9: 週1回（10分）
A10: 1 | B10: 03_週次サマリー の週開始日を今週に更新 | C10: 月曜の日付を入れるだけで自動集計される。
A11: 2 | B11: カート率 と カート→注文率 を見る | C11: カート率が低い＝集客か商品ページの問題。カート→注文が低い＝在庫・送料・決済の問題。
A12: 3 | B12: 在庫「無」の日を除いて判断する | C12: 在庫切れの週の転換率は実力を表さない。
A14: 数字の取り方
A15: NAVER | B15: 訪問者数 / 商品閲覧 | C15: 스마트스토어센터 → 통계 → 마켓별 유입 または 전체 요약
A16: NAVER | B16: カート追加 | C16: 통계 → 판매분석 → 마케팅분석 の장바구니 지표。取れない場合は空欄でOK
A17: NAVER | B17: 注文数 / 売上 | C17: 판매관리 → 주문 통합검색（취소・반품を除いた確정 기준）
A18: Coupang | B18: 訪問者 / 商品閲覧 / カート | C18: 쿠팡 윙 → 통계 → 상품별 판매 현황・유입 통계
A19: Coupang | B19: 注文数 / 売上 | C19: 쿠팡 윙 → 주문/배송 관리
A20: メタ広告 | B20: 広告費/表示回数/クリック/LPビュー/CV | C20: 広告マネージャ → 列をカスタマイズ →「ランディングページビュー」「購入」「購入コンバージョン値」を追加
A21: 共通 | B21: 在庫状態 | C21: その日の在庫が 有／僅少（5個以下）／無 のどれか。判断の前提になるので必ず入れる
A23: 注記
A24: 分からない項目は空欄のままで構いません。空欄の指標は自動で空欄になり、判定も出ません。
A25: ★ただし「カート追加」と「在庫状態」の2つだけは、可能な限り毎日入れてください。この2つが無いと、売れない原因を切り分けられません。

Sheet 01_日次入力
A1: ストア 日次入力（NAVER / Coupang / 自社EC）
A2: 青の枠（C〜J列）だけ毎日入れてください。K列から右は自動計算です。1日1チャネル1行。
A4: 日付 | B4: チャネル | C4: 訪問者数 | D4: 商品閲覧 | E4: カート追加 | F4: 注文数 | G4: 売上(W) | H4: 在庫状態 | I4: 広告費(W) | J4: カート率 | K4: カート→注文 | L4: 購入転換率 | M4: 客単価(W) | N4: CPA(W) | O4: 広告費率 | P4: 判定 | Q4: メモ
A5: 46275 | B5: NAVER | C5: 374 | F5: 0 | G5: 0 | H5: 有 | J5: =IF(OR($C5="",$E5=""),"",$E5/$C5) | K5: =IF(OR($E5="",$E5=0,$F5=""),"",$F5/$E5) | L5: =IF(OR($C5="",$F5=""),"",$F5/$C5) | M5: =IF(OR($F5="",$F5=0,$G5=""),"",$G5/$F5) | N5: =IF(OR($I5="",$F5="",$F5=0),"",$I5/$F5) | O5: =IF(OR($I5="",$G5="",$G5=0),"",$I5/$G5) | P5: =IF($L5="","",IF($L5>='00_設定'!$B$12,"◎",IF($L5>='00_設定'!$B$13,"○",IF($L5>=0.002,"▲","✕")))) | Q5: 予約分11件を発送完了（新規注文ではない）
A6: 46275 | B6: Coupang | C6: 5 | D6: 6 | E6: 0 | F6: 0 | G6: 0 | H6: 無 | J6: =IF(OR($C6="",$E6=""),"",$E6/$C6) | K6: =IF(OR($E6="",$E6=0,$F6=""),"",$F6/$E6) | L6: =IF(OR($C6="",$F6=""),"",$F6/$C6) | M6: =IF(OR($F6="",$F6=0,$G6=""),"",$G6/$F6) | N6: =IF(OR($I6="",$F6="",$F6=0),"",$I6/$F6) | O6: =IF(OR($I6="",$G6="",$G6=0),"",$I6/$G6) | P6: =IF($L6="","",IF($L6>='00_設定'!$B$12,"◎",IF($L6>='00_設定'!$B$13,"○",IF($L6>=0.002,"▲","✕")))) | Q6: 在庫切れのため再登録前
A7: 46274 | B7: NAVER | H7: 有 | J7: =IF(OR($C7="",$E7=""),"",$E7/$C7) | K7: =IF(OR($E7="",$E7=0,$F7=""),"",$F7/$E7) | L7: =IF(OR($C7="",$F7=""),"",$F7/$C7) | M7: =IF(OR($F7="",$F7=0,$G7=""),"",$G7/$F7) | N7: =IF(OR($I7="",$F7="",$F7=0),"",$I7/$F7) | O7: =IF(OR($I7="",$G7="",$G7=0),"",$I7/$G7) | P7: =IF($L7="","",IF($L7>='00_設定'!$B$12,"◎",IF($L7>='00_設定'!$B$13,"○",IF($L7>=0.002,"▲","✕")))) | Q7: 9/8-9/9合計で833件のため日次按分が必要
A8: 46274 | B8: Coupang | E8: 0 | F8: 0 | G8: 0 | H8: 無 | J8: =IF(OR($C8="",$E8=""),"",$E8/$C8) | K8: =IF(OR($E8="",$E8=0,$F8=""),"",$F8/$E8) | L8: =IF(OR($C8="",$F8=""),"",$F8/$C8) | M8: =IF(OR($F8="",$F8=0,$G8=""),"",$G8/$F8) | N8: =IF(OR($I8="",$F8="",$F8=0),"",$I8/$F8) | O8: =IF(OR($I8="",$G8="",$G8=0),"",$I8/$G8) | P8: =IF($L8="","",IF($L8>='00_設定'!$B$12,"◎",IF($L8>='00_設定'!$B$13,"○",IF($L8>=0.002,"▲","✕"))))
J9: =IF(OR($C9="",$E9=""),"",$E9/$C9) | K9: =IF(OR($E9="",$E9=0,$F9=""),"",$F9/$E9) | L9: =IF(OR($C9="",$F9=""),"",$F9/$C9) | M9: =IF(OR($F9="",$F9=0,$G9=""),"",$G9/$F9) | N9: =IF(OR($I9="",$F9="",$F9=0),"",$I9/$F9) | O9: =IF(OR($I9="",$G9="",$G9=0),"",$I9/$G9) | P9: =IF($L9="","",IF($L9>='00_設定'!$B$12,"◎",IF($L9>='00_設定'!$B$13,"○",IF($L9>=0.002,"▲","✕"))))
J10: =IF(OR($C10="",$E10=""),"",$E10/$C10) | K10: =IF(OR($E10="",$E10=0,$F10=""),"",$F10/$E10) | L10: =IF(OR($C10="",$F10=""),"",$F10/$C10) | M10: =IF(OR($F10="",$F10=0,$G10=""),"",$G10/$F10) | N10: =IF(OR($I10="",$F10="",$F10=0),"",$I10/$F10) | O10: =IF(OR($I10="",$G10="",$G10=0),"",$I10/$G10) | P10: =IF($L10="","",IF($L10>='00_設定'!$B$12,"◎",IF($L10>='00_設定'!$B$13,"○",IF($L10>=0.002,"▲","✕"))))
J11: =IF(OR($C11="",$E11=""),"",$E11/$C11) | K11: =IF(OR($E11="",$E11=0,$F11=""),"",$F11/$E11) | L11: =IF(OR($C11="",$F11=""),"",$F11/$C11) | M11: =IF(OR($F11="",$F11=0,$G11=""),"",$G11/$F11) | N11: =IF(OR($I11="",$F11="",$F11=0),"",$I11/$F11) | O11: =IF(OR($I11="",$G11="",$G11=0),"",$I11/$G11) | P11: =IF($L11="","",IF($L11>='00_設定'!$B$12,"◎",IF($L11>='00_設定'!$B$13,"○",IF($L11>=0.002,"▲","✕"))))
J12: =IF(OR($C12="",$E12=""),"",$E12/$C12) | K12: =IF(OR($E12="",$E12=0,$F12=""),"",$F12/$E12) | L12: =IF(OR($C12="",$F12=""),"",$F12/$C12) | M12: =IF(OR($F12="",$F12=0,$G12=""),"",$G12/$F12) | N12: =IF(OR($I12="",$F12="",$F12=0),"",$I12/$F12) | O12: =IF(OR($I12="",$G12="",$G12=0),"",$I12/$G12) | P12: =IF($L12="","",IF($L12>='00_設定'!$B$12,"◎",IF($L12>='00_設定'!$B$13,"○",IF($L12>=0.002,"▲","✕"))))
J13: =IF(OR($C13="",$E13=""),"",$E13/$C13) | K13: =IF(OR($E13="",$E13=0,$F13=""),"",$F13/$E13) | L13: =IF(OR($C13="",$F13=""),"",$F13/$C13) | M13: =IF(OR($F13="",$F13=0,$G13=""),"",$G13/$F13) | N13: =IF(OR($I13="",$F13="",$F13=0),"",$I13/$F13) | O13: =IF(OR($I13="",$G13="",$G13=0),"",$I13/$G13) | P13: =IF($L13="","",IF($L13>='00_設定'!$B$12,"◎",IF($L13>='00_設定'!$B$13,"○",IF($L13>=0.002,"▲","✕"))))
J14: =IF(OR($C14="",$E14=""),"",$E14/$C14) | K14: =IF(OR($E14="",$E14=0,$F14=""),"",$F14/$E14) | L14: =IF(OR($C14="",$F14=""),"",$F14/$C14) | M14: =IF(OR($F14="",$F14=0,$G14=""),"",$G14/$F14) | N14: =IF(OR($I14="",$F14="",$F14=0),"",$I14/$F14) | O14: =IF(OR($I14="",$G14="",$G14=0),"",$I14/$G14) | P14: =IF($L14="","",IF($L14>='00_設定'!$B$12,"◎",IF($L14>='00_設定'!$B$13,"○",IF($L14>=0.002,"▲","✕"))))
J15: =IF(OR($C15="",$E15=""),"",$E15/$C15) | K15: =IF(OR($E15="",$E15=0,$F15=""),"",$F15/$E15) | L15: =IF(OR($C15="",$F15=""),"",$F15/$C15) | M15: =IF(OR($F15="",$F15=0,$G15=""),"",$G15/$F15) | N15: =IF(OR($I15="",$F15="",$F15=0),"",$I15/$F15) | O15: =IF(OR($I15="",$G15="",$G15=0),"",$I15/$G15) | P15: =IF($L15="","",IF($L15>='00_設定'!$B$12,"◎",IF($L15>='00_設定'!$B$13,"○",IF($L15>=0.002,"▲","✕"))))
J16: =IF(OR($C16="",$E16=""),"",$E16/$C16) | K16: =IF(OR($E16="",$E16=0,$F16=""),"",$F16/$E16) | L16: =IF(OR($C16="",$F16=""),"",$F16/$C16) | M16: =IF(OR($F16="",$F16=0,$G16=""),"",$G16/$F16) | N16: =IF(OR($I16="",$F16="",$F16=0),"",$I16/$F16) | O16: =IF(OR($I16="",$G16="",$G16=0),"",$I16/$G16) | P16: =IF($L16="","",IF($L16>='00_設定'!$B$12,"◎",IF($L16>='00_設定'!$B$13,"○",IF($L16>=0.002,"▲","✕"))))
J17: =IF(OR($C17="",$E17=""),"",$E17/$C17) | K17: =IF(OR($E17="",$E17=0,$F17=""),"",$F17/$E17) | L17: =IF(OR($C17="",$F17=""),"",$F17/$C17) | M17: =IF(OR($F17="",$F17=0,$G17=""),"",$G17/$F17) | N17: =IF(OR($I17="",$F17="",$F17=0),"",$I17/$F17) | O17: =IF(OR($I17="",$G17="",$G17=0),"",$I17/$G17) | P17: =IF($L17="","",IF($L17>='00_設定'!$B$12,"◎",IF($L17>='00_設定'!$B$13,"○",IF($L17>=0.002,"▲","✕"))))
J18: =IF(OR($C18="",$E18=""),"",$E18/$C18) | K18: =IF(OR($E18="",$E18=0,$F18=""),"",$F18/$E18) | L18: =IF(OR($C18="",$F18=""),"",$F18/$C18) | M18: =IF(OR($F18="",$F18=0,$G18=""),"",$G18/$F18) | N18: =IF(OR($I18="",$F18="",$F18=0),"",$I18/$F18) | O18: =IF(OR($I18="",$G18="",$G18=0),"",$I18/$G18) | P18: =IF($L18="","",IF($L18>='00_設定'!$B$12,"◎",IF($L18>='00_設定'!$B$13,"○",IF($L18>=0.002,"▲","✕"))))
J19: =IF(OR($C19="",$E19=""),"",$E19/$C19) | K19: =IF(OR($E19="",$E19=0,$F19=""),"",$F19/$E19) | L19: =IF(OR($C19="",$F19=""),"",$F19/$C19) | M19: =IF(OR($F19="",$F19=0,$G19=""),"",$G19/$F19) | N19: =IF(OR($I19="",$F19="",$F19=0),"",$I19/$F19) | O19: =IF(OR($I19="",$G19="",$G19=0),"",$I19/$G19) | P19: =IF($L19="","",IF($L19>='00_設定'!$B$12,"◎",IF($L19>='00_設定'!$B$13,"○",IF($L19>=0.002,"▲","✕"))))
J20: =IF(OR($C20="",$E20=""),"",$E20/$C20) | K20: =IF(OR($E20="",$E20=0,$F20=""),"",$F20/$E20) | L20: =IF(OR($C20="",$F20=""),"",$F20/$C20) | M20: =IF(OR($F20="",$F20=0,$G20=""),"",$G20/$F20) | N20: =IF(OR($I20="",$F20="",$F20=0),"",$I20/$F20) | O20: =IF(OR($I20="",$G20="",$G20=0),"",$I20/$G20) | P20: =IF($L20="","",IF($L20>='00_設定'!$B$12,"◎",IF($L20>='00_設定'!$B$13,"○",IF($L20>=0.002,"▲","✕"))))
... J99: =IF(OR($C99="",$E99=""),"",$E99/$C99) | K99: =IF(OR($E99="",$E99=0,$F99=""),"",$F99/$E99) | L99: =IF(OR($C99="",$F99=""),"",$F99/$C99) | M99: =IF(OR($F99="",$F99=0,$G99=""),"",$G99/$F99) | N99: =IF(OR($I99="",$F99="",$F99=0),"",$I99/$F99) | O99: =IF(OR($I99="",$G99="",$G99=0),"",$I99/$G99) | P99: =IF($L99="","",IF($L99>='00_設定'!$B$12,"◎",IF($L99>='00_設定'!$B$13,"○",IF($L99>=0.002,"▲","✕"))))
A101: 注記
A102: 【毎日の入力】C 訪問者数 / D 商品閲覧 / E カート追加 / F 注文数 / G 売上 / H 在庫状態 / I 広告費（そのチャネルに紐づく分）。分からない項目は空欄のままで構いません。
A103: ★カート追加（E列）は必ず入れてください。訪問→カート と カート→注文 を分けて見ることが、この表の一番の目的です。
A104: NAVERはカート追加が取れない場合があります。その場合は E列を空欄にすると、カート率とカート→注文は自動で空欄になります。
A105: 在庫状態が「無」「僅少」の日の転換率は、需要の指標として使えません。週次サマリーでは在庫「有」の日だけで判断してください。

Sheet 02_メタ広告
A1: メタ広告 日次入力
A2: 青の枠（C〜I列）だけ入力。CTR・CPC・CVR・CPA・ROAS は自動計算です。
A4: 日付 | B4: キャンペーン | C4: 広告費(W) | D4: 表示回数 | E4: クリック | F4: LPビュー | G4: CV(購入) | H4: 売上(W) | I4: 遷移先 | J4: CTR | K4: CPC(W) | L4: LP到達率 | M4: CVR | N4: CPA(W) | O4: ROAS | P4: 判定 | Q4: メモ
J5: =IF(OR($D5="",$D5=0,$E5=""),"",$E5/$D5) | K5: =IF(OR($E5="",$E5=0,$C5=""),"",$C5/$E5) | L5: =IF(OR($E5="",$E5=0,$F5=""),"",$F5/$E5) | M5: =IF(OR($F5="",$F5=0,$G5=""),"",$G5/$F5) | N5: =IF(OR($G5="",$G5=0,$C5=""),"",$C5/$G5) | O5: =IF(OR($C5="",$C5=0,$H5=""),"",$H5/$C5) | P5: =IF($N5="","",IF($N5<='00_設定'!$B$8,"◎",IF($N5<='00_設定'!$B$9,"○",IF($N5<='00_設定'!$B$9*1.5,"▲","✕"))))
J6: =IF(OR($D6="",$D6=0,$E6=""),"",$E6/$D6) | K6: =IF(OR($E6="",$E6=0,$C6=""),"",$C6/$E6) | L6: =IF(OR($E6="",$E6=0,$F6=""),"",$F6/$E6) | M6: =IF(OR($F6="",$F6=0,$G6=""),"",$G6/$F6) | N6: =IF(OR($G6="",$G6=0,$C6=""),"",$C6/$G6) | O6: =IF(OR($C6="",$C6=0,$H6=""),"",$H6/$C6) | P6: =IF($N6="","",IF($N6<='00_設定'!$B$8,"◎",IF($N6<='00_設定'!$B$9,"○",IF($N6<='00_設定'!$B$9*1.5,"▲","✕"))))
J7: =IF(OR($D7="",$D7=0,$E7=""),"",$E7/$D7) | K7: =IF(OR($E7="",$E7=0,$C7=""),"",$C7/$E7) | L7: =IF(OR($E7="",$E7=0,$F7=""),"",$F7/$E7) | M7: =IF(OR($F7="",$F7=0,$G7=""),"",$G7/$F7) | N7: =IF(OR($G7="",$G7=0,$C7=""),"",$C7/$G7) | O7: =IF(OR($C7="",$C7=0,$H7=""),"",$H7/$C7) | P7: =IF($N7="","",IF($N7<='00_設定'!$B$8,"◎",IF($N7<='00_設定'!$B$9,"○",IF($N7<='00_設定'!$B$9*1.5,"▲","✕"))))
J8: =IF(OR($D8="",$D8=0,$E8=""),"",$E8/$D8) | K8: =IF(OR($E8="",$E8=0,$C8=""),"",$C8/$E8) | L8: =IF(OR($E8="",$E8=0,$F8=""),"",$F8/$E8) | M8: =IF(OR($F8="",$F8=0,$G8=""),"",$G8/$F8) | N8: =IF(OR($G8="",$G8=0,$C8=""),"",$C8/$G8) | O8: =IF(OR($C8="",$C8=0,$H8=""),"",$H8/$C8) | P8: =IF($N8="","",IF($N8<='00_設定'!$B$8,"◎",IF($N8<='00_設定'!$B$9,"○",IF($N8<='00_設定'!$B$9*1.5,"▲","✕"))))
J9: =IF(OR($D9="",$D9=0,$E9=""),"",$E9/$D9) | K9: =IF(OR($E9="",$E9=0,$C9=""),"",$C9/$E9) | L9: =IF(OR($E9="",$E9=0,$F9=""),"",$F9/$E9) | M9: =IF(OR($F9="",$F9=0,$G9=""),"",$G9/$F9) | N9: =IF(OR($G9="",$G9=0,$C9=""),"",$C9/$G9) | O9: =IF(OR($C9="",$C9=0,$H9=""),"",$H9/$C9) | P9: =IF($N9="","",IF($N9<='00_設定'!$B$8,"◎",IF($N9<='00_設定'!$B$9,"○",IF($N9<='00_設定'!$B$9*1.5,"▲","✕"))))
J10: =IF(OR($D10="",$D10=0,$E10=""),"",$E10/$D10) | K10: =IF(OR($E10="",$E10=0,$C10=""),"",$C10/$E10) | L10: =IF(OR($E10="",$E10=0,$F10=""),"",$F10/$E10) | M10: =IF(OR($F10="",$F10=0,$G10=""),"",$G10/$F10) | N10: =IF(OR($G10="",$G10=0,$C10=""),"",$C10/$G10) | O10: =IF(OR($C10="",$C10=0,$H10=""),"",$H10/$C10) | P10: =IF($N10="","",IF($N10<='00_設定'!$B$8,"◎",IF($N10<='00_設定'!$B$9,"○",IF($N10<='00_設定'!$B$9*1.5,"▲","✕"))))
J11: =IF(OR($D11="",$D11=0,$E11=""),"",$E11/$D11) | K11: =IF(OR($E11="",$E11=0,$C11=""),"",$C11/$E11) | L11: =IF(OR($E11="",$E11=0,$F11=""),"",$F11/$E11) | M11: =IF(OR($F11="",$F11=0,$G11=""),"",$G11/$F11) | N11: =IF(OR($G11="",$G11=0,$C11=""),"",$C11/$G11) | O11: =IF(OR($C11="",$C11=0,$H11=""),"",$H11/$C11) | P11: =IF($N11="","",IF($N11<='00_設定'!$B$8,"◎",IF($N11<='00_設定'!$B$9,"○",IF($N11<='00_設定'!$B$9*1.5,"▲","✕"))))
J12: =IF(OR($D12="",$D12=0,$E12=""),"",$E12/$D12) | K12: =IF(OR($E12="",$E12=0,$C12=""),"",$C12/$E12) | L12: =IF(OR($E12="",$E12=0,$F12=""),"",$F12/$E12) | M12: =IF(OR($F12="",$F12=0,$G12=""),"",$G12/$F12) | N12: =IF(OR($G12="",$G12=0,$C12=""),"",$C12/$G12) | O12: =IF(OR($C12="",$C12=0,$H12=""),"",$H12/$C12) | P12: =IF($N12="","",IF($N12<='00_設定'!$B$8,"◎",IF($N12<='00_設定'!$B$9,"○",IF($N12<='00_設定'!$B$9*1.5,"▲","✕"))))
J13: =IF(OR($D13="",$D13=0,$E13=""),"",$E13/$D13) | K13: =IF(OR($E13="",$E13=0,$C13=""),"",$C13/$E13) | L13: =IF(OR($E13="",$E13=0,$F13=""),"",$F13/$E13) | M13: =IF(OR($F13="",$F13=0,$G13=""),"",$G13/$F13) | N13: =IF(OR($G13="",$G13=0,$C13=""),"",$C13/$G13) | O13: =IF(OR($C13="",$C13=0,$H13=""),"",$H13/$C13) | P13: =IF($N13="","",IF($N13<='00_設定'!$B$8,"◎",IF($N13<='00_設定'!$B$9,"○",IF($N13<='00_設定'!$B$9*1.5,"▲","✕"))))
J14: =IF(OR($D14="",$D14=0,$E14=""),"",$E14/$D14) | K14: =IF(OR($E14="",$E14=0,$C14=""),"",$C14/$E14) | L14: =IF(OR($E14="",$E14=0,$F14=""),"",$F14/$E14) | M14: =IF(OR($F14="",$F14=0,$G14=""),"",$G14/$F14) | N14: =IF(OR($G14="",$G14=0,$C14=""),"",$C14/$G14) | O14: =IF(OR($C14="",$C14=0,$H14=""),"",$H14/$C14) | P14: =IF($N14="","",IF($N14<='00_設定'!$B$8,"◎",IF($N14<='00_設定'!$B$9,"○",IF($N14<='00_設定'!$B$9*1.5,"▲","✕"))))
J15: =IF(OR($D15="",$D15=0,$E15=""),"",$E15/$D15) | K15: =IF(OR($E15="",$E15=0,$C15=""),"",$C15/$E15) | L15: =IF(OR($E15="",$E15=0,$F15=""),"",$F15/$E15) | M15: =IF(OR($F15="",$F15=0,$G15=""),"",$G15/$F15) | N15: =IF(OR($G15="",$G15=0,$C15=""),"",$C15/$G15) | O15: =IF(OR($C15="",$C15=0,$H15=""),"",$H15/$C15) | P15: =IF($N15="","",IF($N15<='00_設定'!$B$8,"◎",IF($N15<='00_設定'!$B$9,"○",IF($N15<='00_設定'!$B$9*1.5,"▲","✕"))))
J16: =IF(OR($D16="",$D16=0,$E16=""),"",$E16/$D16) | K16: =IF(OR($E16="",$E16=0,$C16=""),"",$C16/$E16) | L16: =IF(OR($E16="",$E16=0,$F16=""),"",$F16/$E16) | M16: =IF(OR($F16="",$F16=0,$G16=""),"",$G16/$F16) | N16: =IF(OR($G16="",$G16=0,$C16=""),"",$C16/$G16) | O16: =IF(OR($C16="",$C16=0,$H16=""),"",$H16/$C16) | P16: =IF($N16="","",IF($N16<='00_設定'!$B$8,"◎",IF($N16<='00_設定'!$B$9,"○",IF($N16<='00_設定'!$B$9*1.5,"▲","✕"))))
... J74: =IF(OR($D74="",$D74=0,$E74=""),"",$E74/$D74) | K74: =IF(OR($E74="",$E74=0,$C74=""),"",$C74/$E74) | L74: =IF(OR($E74="",$E74=0,$F74=""),"",$F74/$E74) | M74: =IF(OR($F74="",$F74=0,$G74=""),"",$G74/$F74) | N74: =IF(OR($G74="",$G74=0,$C74=""),"",$C74/$G74) | O74: =IF(OR($C74="",$C74=0,$H74=""),"",$H74/$C74) | P74: =IF($N74="","",IF($N74<='00_設定'!$B$8,"◎",IF($N74<='00_設定'!$B$9,"○",IF($N74<='00_設定'!$B$9*1.5,"▲","✕"))))
A76: 注記
A77: 【毎日の入力】C 広告費 / D 表示回数 / E クリック / F LPビュー(ランディングページビュー) / G CV(購入) / H 売上 / I 遷移先ストア。
A78: ★LPビューは Meta広告マネージャの「ランディングページビュー」列です。クリックとの差が大きい場合は、表示速度か遷移先の不一致を疑ってください。
A79: 判定はCPA基準（◎目標以下／○許容以下／▲許容の1.5倍まで／✕それ超）。✕が7日続いたら広告を止めてください。
A80: ROASは売上ベースです。粗利ベースで見る場合は「限界利益ROAS＝粗利÷広告費」で1.0を割ったら赤字です。

Sheet 03_週次サマリー
A1: 週次サマリー（自動集計）
A2: A列に週の開始日（月曜）を入れると、01_日次入力 からその週の数字を自動集計します。
A4: 週開始(月) | B4: チャネル | C4: 訪問者数 | D4: 商品閲覧 | E4: カート追加 | F4: 注文数 | G4: 売上(W) | H4: 広告費(W) | I4: カート率 | J4: カート→注文 | K4: 購入転換率 | L4: CPA(W) | M4: 広告費率 | N4: 判定
A5: 46279 | B5: NAVER | C5: =SUMIFS('01_日次入力'!$C$5:$C$99,'01_日次入力'!$A$5:$A$99,">="&$A5,'01_日次入力'!$A$5:$A$99,"<"&$A5+7,'01_日次入力'!$B$5:$B$99,$B5) | D5: =SUMIFS('01_日次入力'!$D$5:$D$99,'01_日次入力'!$A$5:$A$99,">="&$A5,'01_日次入力'!$A$5:$A$99,"<"&$A5+7,'01_日次入力'!$B$5:$B$99,$B5) | E5: =SUMIFS('01_日次入力'!$E$5:$E$99,'01_日次入力'!$A$5:$A$99,">="&$A5,'01_日次入力'!$A$5:$A$99,"<"&$A5+7,'01_日次入力'!$B$5:$B$99,$B5) | F5: =SUMIFS('01_日次入力'!$F$5:$F$99,'01_日次入力'!$A$5:$A$99,">="&$A5,'01_日次入力'!$A$5:$A$99,"<"&$A5+7,'01_日次入力'!$B$5:$B$99,$B5) | G5: =SUMIFS('01_日次入力'!$G$5:$G$99,'01_日次入力'!$A$5:$A$99,">="&$A5,'01_日次入力'!$A$5:$A$99,"<"&$A5+7,'01_日次入力'!$B$5:$B$99,$B5) | H5: =SUMIFS('01_日次入力'!$I$5:$I$99,'01_日次入力'!$A$5:$A$99,">="&$A5,'01_日次入力'!$A$5:$A$99,"<"&$A5+7,'01_日次入力'!$B$5:$B$99,$B5) | I5: =IF($C5=0,"",$E5/$C5) | J5: =IF($E5=0,"",$F5/$E5) | K5: =IF($C5=0,"",$F5/$C5) | L5: =IF($F5=0,"",$H5/$F5) | M5: =IF($G5=0,"",$H5/$G5) | N5: =IF($K5="","",IF($K5>='00_設定'!$B$12,"◎",IF($K5>='00_設定'!$B$13,"○",IF($K5>=0.002,"▲","✕"))))
A6: 46279 | B6: Coupang | C6: =SUMIFS('01_日次入力'!$C$5:$C$99,'01_日次入力'!$A$5:$A$99,">="&$A6,'01_日次入力'!$A$5:$A$99,"<"&$A6+7,'01_日次入力'!$B$5:$B$99,$B6) | D6: =SUMIFS('01_日次入力'!$D$5:$D$99,'01_日次入力'!$A$5:$A$99,">="&$A6,'01_日次入力'!$A$5:$A$99,"<"&$A6+7,'01_日次入力'!$B$5:$B$99,$B6) | E6: =SUMIFS('01_日次入力'!$E$5:$E$99,'01_日次入力'!$A$5:$A$99,">="&$A6,'01_日次入力'!$A$5:$A$99,"<"&$A6+7,'01_日次入力'!$B$5:$B$99,$B6) | F6: =SUMIFS('01_日次入力'!$F$5:$F$99,'01_日次入力'!$A$5:$A$99,">="&$A6,'01_日次入力'!$A$5:$A$99,"<"&$A6+7,'01_日次入力'!$B$5:$B$99,$B6) | G6: =SUMIFS('01_日次入力'!$G$5:$G$99,'01_日次入力'!$A$5:$A$99,">="&$A6,'01_日次入力'!$A$5:$A$99,"<"&$A6+7,'01_日次入力'!$B$5:$B$99,$B6) | H6: =SUMIFS('01_日次入力'!$I$5:$I$99,'01_日次入力'!$A$5:$A$99,">="&$A6,'01_日次入力'!$A$5:$A$99,"<"&$A6+7,'01_日次入力'!$B$5:$B$99,$B6) | I6: =IF($C6=0,"",$E6/$C6) | J6: =IF($E6=0,"",$F6/$E6) | K6: =IF($C6=0,"",$F6/$C6) | L6: =IF($F6=0,"",$H6/$F6) | M6: =IF($G6=0,"",$H6/$G6) | N6: =IF($K6="","",IF($K6>='00_設定'!$B$12,"◎",IF($K6>='00_設定'!$B$13,"○",IF($K6>=0.002,"▲","✕"))))
A7: 46279 | B7: 自社EC | C7: =SUMIFS('01_日次入力'!$C$5:$C$99,'01_日次入力'!$A$5:$A$99,">="&$A7,'01_日次入力'!$A$5:$A$99,"<"&$A7+7,'01_日次入力'!$B$5:$B$99,$B7) | D7: =SUMIFS('01_日次入力'!$D$5:$D$99,'01_日次入力'!$A$5:$A$99,">="&$A7,'01_日次入力'!$A$5:$A$99,"<"&$A7+7,'01_日次入力'!$B$5:$B$99,$B7) | E7: =SUMIFS('01_日次入力'!$E$5:$E$99,'01_日次入力'!$A$5:$A$99,">="&$A7,'01_日次入力'!$A$5:$A$99,"<"&$A7+7,'01_日次入力'!$B$5:$B$99,$B7) | F7: =SUMIFS('01_日次入力'!$F$5:$F$99,'01_日次入力'!$A$5:$A$99,">="&$A7,'01_日次入力'!$A$5:$A$99,"<"&$A7+7,'01_日次入力'!$B$5:$B$99,$B7) | G7: =SUMIFS('01_日次入力'!$G$5:$G$99,'01_日次入力'!$A$5:$A$99,">="&$A7,'01_日次入力'!$A$5:$A$99,"<"&$A7+7,'01_日次入力'!$B$5:$B$99,$B7) | H7: =SUMIFS('01_日次入力'!$I$5:$I$99,'01_日次入力'!$A$5:$A$99,">="&$A7,'01_日次入力'!$A$5:$A$99,"<"&$A7+7,'01_日次入力'!$B$5:$B$99,$B7) | I7: =IF($C7=0,"",$E7/$C7) | J7: =IF($E7=0,"",$F7/$E7) | K7: =IF($C7=0,"",$F7/$C7) | L7: =IF($F7=0,"",$H7/$F7) | M7: =IF($G7=0,"",$H7/$G7) | N7: =IF($K7="","",IF($K7>='00_設定'!$B$12,"◎",IF($K7>='00_設定'!$B$13,"○",IF($K7>=0.002,"▲","✕"))))
A9: 46272 | B9: NAVER | C9: =SUMIFS('01_日次入力'!$C$5:$C$99,'01_日次入力'!$A$5:$A$99,">="&$A9,'01_日次入力'!$A$5:$A$99,"<"&$A9+7,'01_日次入力'!$B$5:$B$99,$B9) | D9: =SUMIFS('01_日次入力'!$D$5:$D$99,'01_日次入力'!$A$5:$A$99,">="&$A9,'01_日次入力'!$A$5:$A$99,"<"&$A9+7,'01_日次入力'!$B$5:$B$99,$B9) | E9: =SUMIFS('01_日次入力'!$E$5:$E$99,'01_日次入力'!$A$5:$A$99,">="&$A9,'01_日次入力'!$A$5:$A$99,"<"&$A9+7,'01_日次入力'!$B$5:$B$99,$B9) | F9: =SUMIFS('01_日次入力'!$F$5:$F$99,'01_日次入力'!$A$5:$A$99,">="&$A9,'01_日次入力'!$A$5:$A$99,"<"&$A9+7,'01_日次入力'!$B$5:$B$99,$B9) | G9: =SUMIFS('01_日次入力'!$G$5:$G$99,'01_日次入力'!$A$5:$A$99,">="&$A9,'01_日次入力'!$A$5:$A$99,"<"&$A9+7,'01_日次入力'!$B$5:$B$99,$B9) | H9: =SUMIFS('01_日次入力'!$I$5:$I$99,'01_日次入力'!$A$5:$A$99,">="&$A9,'01_日次入力'!$A$5:$A$99,"<"&$A9+7,'01_日次入力'!$B$5:$B$99,$B9) | I9: =IF($C9=0,"",$E9/$C9) | J9: =IF($E9=0,"",$F9/$E9) | K9: =IF($C9=0,"",$F9/$C9) | L9: =IF($F9=0,"",$H9/$F9) | M9: =IF($G9=0,"",$H9/$G9) | N9: =IF($K9="","",IF($K9>='00_設定'!$B$12,"◎",IF($K9>='00_設定'!$B$13,"○",IF($K9>=0.002,"▲","✕"))))
A10: 46272 | B10: Coupang | C10: =SUMIFS('01_日次入力'!$C$5:$C$99,'01_日次入力'!$A$5:$A$99,">="&$A10,'01_日次入力'!$A$5:$A$99,"<"&$A10+7,'01_日次入力'!$B$5:$B$99,$B10) | D10: =SUMIFS('01_日次入力'!$D$5:$D$99,'01_日次入力'!$A$5:$A$99,">="&$A10,'01_日次入力'!$A$5:$A$99,"<"&$A10+7,'01_日次入力'!$B$5:$B$99,$B10) | E10: =SUMIFS('01_日次入力'!$E$5:$E$99,'01_日次入力'!$A$5:$A$99,">="&$A10,'01_日次入力'!$A$5:$A$99,"<"&$A10+7,'01_日次入力'!$B$5:$B$99,$B10) | F10: =SUMIFS('01_日次入力'!$F$5:$F$99,'01_日次入力'!$A$5:$A$99,">="&$A10,'01_日次入力'!$A$5:$A$99,"<"&$A10+7,'01_日次入力'!$B$5:$B$99,$B10) | G10: =SUMIFS('01_日次入力'!$G$5:$G$99,'01_日次入力'!$A$5:$A$99,">="&$A10,'01_日次入力'!$A$5:$A$99,"<"&$A10+7,'01_日次入力'!$B$5:$B$99,$B10) | H10: =SUMIFS('01_日次入力'!$I$5:$I$99,'01_日次入力'!$A$5:$A$99,">="&$A10,'01_日次入力'!$A$5:$A$99,"<"&$A10+7,'01_日次入力'!$B$5:$B$99,$B10) | I10: =IF($C10=0,"",$E10/$C10) | J10: =IF($E10=0,"",$F10/$E10) | K10: =IF($C10=0,"",$F10/$C10) | L10: =IF($F10=0,"",$H10/$F10) | M10: =IF($G10=0,"",$H10/$G10) | N10: =IF($K10="","",IF($K10>='00_設定'!$B$12,"◎",IF($K10>='00_設定'!$B$13,"○",IF($K10>=0.002,"▲","✕"))))
A11: 46272 | B11: 自社EC | C11: =SUMIFS('01_日次入力'!$C$5:$C$99,'01_日次入力'!$A$5:$A$99,">="&$A11,'01_日次入力'!$A$5:$A$99,"<"&$A11+7,'01_日次入力'!$B$5:$B$99,$B11) | D11: =SUMIFS('01_日次入力'!$D$5:$D$99,'01_日次入力'!$A$5:$A$99,">="&$A11,'01_日次入力'!$A$5:$A$99,"<"&$A11+7,'01_日次入力'!$B$5:$B$99,$B11) | E11: =SUMIFS('01_日次入力'!$E$5:$E$99,'01_日次入力'!$A$5:$A$99,">="&$A11,'01_日次入力'!$A$5:$A$99,"<"&$A11+7,'01_日次入力'!$B$5:$B$99,$B11) | F11: =SUMIFS('01_日次入力'!$F$5:$F$99,'01_日次入力'!$A$5:$A$99,">="&$A11,'01_日次入力'!$A$5:$A$99,"<"&$A11+7,'01_日次入力'!$B$5:$B$99,$B11) | G11: =SUMIFS('01_日次入力'!$G$5:$G$99,'01_日次入力'!$A$5:$A$99,">="&$A11,'01_日次入力'!$A$5:$A$99,"<"&$A11+7,'01_日次入力'!$B$5:$B$99,$B11) | H11: =SUMIFS('01_日次入力'!$I$5:$I$99,'01_日次入力'!$A$5:$A$99,">="&$A11,'01_日次入力'!$A$5:$A$99,"<"&$A11+7,'01_日次入力'!$B$5:$B$99,$B11) | I11: =IF($C11=0,"",$E11/$C11) | J11: =IF($E11=0,"",$F11/$E11) | K11: =IF($C11=0,"",$F11/$C11) | L11: =IF($F11=0,"",$H11/$F11) | M11: =IF($G11=0,"",$H11/$G11) | N11: =IF($K11="","",IF($K11>='00_設定'!$B$12,"◎",IF($K11>='00_設定'!$B$13,"○",IF($K11>=0.002,"▲","✕"))))
A13: 46265 | B13: NAVER | C13: =SUMIFS('01_日次入力'!$C$5:$C$99,'01_日次入力'!$A$5:$A$99,">="&$A13,'01_日次入力'!$A$5:$A$99,"<"&$A13+7,'01_日次入力'!$B$5:$B$99,$B13) | D13: =SUMIFS('01_日次入力'!$D$5:$D$99,'01_日次入力'!$A$5:$A$99,">="&$A13,'01_日次入力'!$A$5:$A$99,"<"&$A13+7,'01_日次入力'!$B$5:$B$99,$B13) | E13: =SUMIFS('01_日次入力'!$E$5:$E$99,'01_日次入力'!$A$5:$A$99,">="&$A13,'01_日次入力'!$A$5:$A$99,"<"&$A13+7,'01_日次入力'!$B$5:$B$99,$B13) | F13: =SUMIFS('01_日次入力'!$F$5:$F$99,'01_日次入力'!$A$5:$A$99,">="&$A13,'01_日次入力'!$A$5:$A$99,"<"&$A13+7,'01_日次入力'!$B$5:$B$99,$B13) | G13: =SUMIFS('01_日次入力'!$G$5:$G$99,'01_日次入力'!$A$5:$A$99,">="&$A13,'01_日次入力'!$A$5:$A$99,"<"&$A13+7,'01_日次入力'!$B$5:$B$99,$B13) | H13: =SUMIFS('01_日次入力'!$I$5:$I$99,'01_日次入力'!$A$5:$A$99,">="&$A13,'01_日次入力'!$A$5:$A$99,"<"&$A13+7,'01_日次入力'!$B$5:$B$99,$B13) | I13: =IF($C13=0,"",$E13/$C13) | J13: =IF($E13=0,"",$F13/$E13) | K13: =IF($C13=0,"",$F13/$C13) | L13: =IF($F13=0,"",$H13/$F13) | M13: =IF($G13=0,"",$H13/$G13) | N13: =IF($K13="","",IF($K13>='00_設定'!$B$12,"◎",IF($K13>='00_設定'!$B$13,"○",IF($K13>=0.002,"▲","✕"))))
A14: 46265 | B14: Coupang | C14: =SUMIFS('01_日次入力'!$C$5:$C$99,'01_日次入力'!$A$5:$A$99,">="&$A14,'01_日次入力'!$A$5:$A$99,"<"&$A14+7,'01_日次入力'!$B$5:$B$99,$B14) | D14: =SUMIFS('01_日次入力'!$D$5:$D$99,'01_日次入力'!$A$5:$A$99,">="&$A14,'01_日次入力'!$A$5:$A$99,"<"&$A14+7,'01_日次入力'!$B$5:$B$99,$B14) | E14: =SUMIFS('01_日次入力'!$E$5:$E$99,'01_日次入力'!$A$5:$A$99,">="&$A14,'01_日次入力'!$A$5:$A$99,"<"&$A14+7,'01_日次入力'!$B$5:$B$99,$B14) | F14: =SUMIFS('01_日次入力'!$F$5:$F$99,'01_日次入力'!$A$5:$A$99,">="&$A14,'01_日次入力'!$A$5:$A$99,"<"&$A14+7,'01_日次入力'!$B$5:$B$99,$B14) | G14: =SUMIFS('01_日次入力'!$G$5:$G$99,'01_日次入力'!$A$5:$A$99,">="&$A14,'01_日次入力'!$A$5:$A$99,"<"&$A14+7,'01_日次入力'!$B$5:$B$99,$B14) | H14: =SUMIFS('01_日次入力'!$I$5:$I$99,'01_日次入力'!$A$5:$A$99,">="&$A14,'01_日次入力'!$A$5:$A$99,"<"&$A14+7,'01_日次入力'!$B$5:$B$99,$B14) | I14: =IF($C14=0,"",$E14/$C14) | J14: =IF($E14=0,"",$F14/$E14) | K14: =IF($C14=0,"",$F14/$C14) | L14: =IF($F14=0,"",$H14/$F14) | M14: =IF($G14=0,"",$H14/$G14) | N14: =IF($K14="","",IF($K14>='00_設定'!$B$12,"◎",IF($K14>='00_設定'!$B$13,"○",IF($K14>=0.002,"▲","✕"))))
A15: 46265 | B15: 自社EC | C15: =SUMIFS('01_日次入力'!$C$5:$C$99,'01_日次入力'!$A$5:$A$99,">="&$A15,'01_日次入力'!$A$5:$A$99,"<"&$A15+7,'01_日次入力'!$B$5:$B$99,$B15) | D15: =SUMIFS('01_日次入力'!$D$5:$D$99,'01_日次入力'!$A$5:$A$99,">="&$A15,'01_日次入力'!$A$5:$A$99,"<"&$A15+7,'01_日次入力'!$B$5:$B$99,$B15) | E15: =SUMIFS('01_日次入力'!$E$5:$E$99,'01_日次入力'!$A$5:$A$99,">="&$A15,'01_日次入力'!$A$5:$A$99,"<"&$A15+7,'01_日次入力'!$B$5:$B$99,$B15) | F15: =SUMIFS('01_日次入力'!$F$5:$F$99,'01_日次入力'!$A$5:$A$99,">="&$A15,'01_日次入力'!$A$5:$A$99,"<"&$A15+7,'01_日次入力'!$B$5:$B$99,$B15) | G15: =SUMIFS('01_日次入力'!$G$5:$G$99,'01_日次入力'!$A$5:$A$99,">="&$A15,'01_日次入力'!$A$5:$A$99,"<"&$A15+7,'01_日次入力'!$B$5:$B$99,$B15) | H15: =SUMIFS('01_日次入力'!$I$5:$I$99,'01_日次入力'!$A$5:$A$99,">="&$A15,'01_日次入力'!$A$5:$A$99,"<"&$A15+7,'01_日次入力'!$B$5:$B$99,$B15) | I15: =IF($C15=0,"",$E15/$C15) | J15: =IF($E15=0,"",$F15/$E15) | K15: =IF($C15=0,"",$F15/$C15) | L15: =IF($F15=0,"",$H15/$F15) | M15: =IF($G15=0,"",$H15/$G15) | N15: =IF($K15="","",IF($K15>='00_設定'!$B$12,"◎",IF($K15>='00_設定'!$B$13,"○",IF($K15>=0.002,"▲","✕"))))
A17: 46258 | B17: NAVER | C17: =SUMIFS('01_日次入力'!$C$5:$C$99,'01_日次入力'!$A$5:$A$99,">="&$A17,'01_日次入力'!$A$5:$A$99,"<"&$A17+7,'01_日次入力'!$B$5:$B$99,$B17) | D17: =SUMIFS('01_日次入力'!$D$5:$D$99,'01_日次入力'!$A$5:$A$99,">="&$A17,'01_日次入力'!$A$5:$A$99,"<"&$A17+7,'01_日次入力'!$B$5:$B$99,$B17) | E17: =SUMIFS('01_日次入力'!$E$5:$E$99,'01_日次入力'!$A$5:$A$99,">="&$A17,'01_日次入力'!$A$5:$A$99,"<"&$A17+7,'01_日次入力'!$B$5:$B$99,$B17) | F17: =SUMIFS('01_日次入力'!$F$5:$F$99,'01_日次入力'!$A$5:$A$99,">="&$A17,'01_日次入力'!$A$5:$A$99,"<"&$A17+7,'01_日次入力'!$B$5:$B$99,$B17) | G17: =SUMIFS('01_日次入力'!$G$5:$G$99,'01_日次入力'!$A$5:$A$99,">="&$A17,'01_日次入力'!$A$5:$A$99,"<"&$A17+7,'01_日次入力'!$B$5:$B$99,$B17) | H17: =SUMIFS('01_日次入力'!$I$5:$I$99,'01_日次入力'!$A$5:$A$99,">="&$A17,'01_日次入力'!$A$5:$A$99,"<"&$A17+7,'01_日次入力'!$B$5:$B$99,$B17) | I17: =IF($C17=0,"",$E17/$C17) | J17: =IF($E17=0,"",$F17/$E17) | K17: =IF($C17=0,"",$F17/$C17) | L17: =IF($F17=0,"",$H17/$F17) | M17: =IF($G17=0,"",$H17/$G17) | N17: =IF($K17="","",IF($K17>='00_設定'!$B$12,"◎",IF($K17>='00_設定'!$B$13,"○",IF($K17>=0.002,"▲","✕"))))
A18: 46258 | B18: Coupang | C18: =SUMIFS('01_日次入力'!$C$5:$C$99,'01_日次入力'!$A$5:$A$99,">="&$A18,'01_日次入力'!$A$5:$A$99,"<"&$A18+7,'01_日次入力'!$B$5:$B$99,$B18) | D18: =SUMIFS('01_日次入力'!$D$5:$D$99,'01_日次入力'!$A$5:$A$99,">="&$A18,'01_日次入力'!$A$5:$A$99,"<"&$A18+7,'01_日次入力'!$B$5:$B$99,$B18) | E18: =SUMIFS('01_日次入力'!$E$5:$E$99,'01_日次入力'!$A$5:$A$99,">="&$A18,'01_日次入力'!$A$5:$A$99,"<"&$A18+7,'01_日次入力'!$B$5:$B$99,$B18) | F18: =SUMIFS('01_日次入力'!$F$5:$F$99,'01_日次入力'!$A$5:$A$99,">="&$A18,'01_日次入力'!$A$5:$A$99,"<"&$A18+7,'01_日次入力'!$B$5:$B$99,$B18) | G18: =SUMIFS('01_日次入力'!$G$5:$G$99,'01_日次入力'!$A$5:$A$99,">="&$A18,'01_日次入力'!$A$5:$A$99,"<"&$A18+7,'01_日次入力'!$B$5:$B$99,$B18) | H18: =SUMIFS('01_日次入力'!$I$5:$I$99,'01_日次入力'!$A$5:$A$99,">="&$A18,'01_日次入力'!$A$5:$A$99,"<"&$A18+7,'01_日次入力'!$B$5:$B$99,$B18) | I18: =IF($C18=0,"",$E18/$C18) | J18: =IF($E18=0,"",$F18/$E18) | K18: =IF($C18=0,"",$F18/$C18) | L18: =IF($F18=0,"",$H18/$F18) | M18: =IF($G18=0,"",$H18/$G18) | N18: =IF($K18="","",IF($K18>='00_設定'!$B$12,"◎",IF($K18>='00_設定'!$B$13,"○",IF($K18>=0.002,"▲","✕"))))
A19: 46258 | B19: 自社EC | C19: =SUMIFS('01_日次入力'!$C$5:$C$99,'01_日次入力'!$A$5:$A$99,">="&$A19,'01_日次入力'!$A$5:$A$99,"<"&$A19+7,'01_日次入力'!$B$5:$B$99,$B19) | D19: =SUMIFS('01_日次入力'!$D$5:$D$99,'01_日次入力'!$A$5:$A$99,">="&$A19,'01_日次入力'!$A$5:$A$99,"<"&$A19+7,'01_日次入力'!$B$5:$B$99,$B19) | E19: =SUMIFS('01_日次入力'!$E$5:$E$99,'01_日次入力'!$A$5:$A$99,">="&$A19,'01_日次入力'!$A$5:$A$99,"<"&$A19+7,'01_日次入力'!$B$5:$B$99,$B19) | F19: =SUMIFS('01_日次入力'!$F$5:$F$99,'01_日次入力'!$A$5:$A$99,">="&$A19,'01_日次入力'!$A$5:$A$99,"<"&$A19+7,'01_日次入力'!$B$5:$B$99,$B19) | G19: =SUMIFS('01_日次入力'!$G$5:$G$99,'01_日次入力'!$A$5:$A$99,">="&$A19,'01_日次入力'!$A$5:$A$99,"<"&$A19+7,'01_日次入力'!$B$5:$B$99,$B19) | H19: =SUMIFS('01_日次入力'!$I$5:$I$99,'01_日次入力'!$A$5:$A$99,">="&$A19,'01_日次入力'!$A$5:$A$99,"<"&$A19+7,'01_日次入力'!$B$5:$B$99,$B19) | I19: =IF($C19=0,"",$E19/$C19) | J19: =IF($E19=0,"",$F19/$E19) | K19: =IF($C19=0,"",$F19/$C19) | L19: =IF($F19=0,"",$H19/$F19) | M19: =IF($G19=0,"",$H19/$G19) | N19: =IF($K19="","",IF($K19>='00_設定'!$B$12,"◎",IF($K19>='00_設定'!$B$13,"○",IF($K19>=0.002,"▲","✕"))))
A21: 注記
A22: 黄色セル（週開始日・チャネル）を書き換えれば、任意の週を集計できます。週開始日は月曜を推奨。
A23: 在庫切れの週は転換率が実力を表しません。01_日次入力 のH列（在庫状態）を確認してから判断してください。

Sheet 04_実績比較
A1: 既存実績の比較とファネル分解
A2: ご提出の「NAVER・Coupang 期間別実績比較」に、カート率とカート→注文率を追加して分解したものです。
A4: チャネル | B4: 期間 | C4: 日数 | D4: 訪問者数 | E4: カート追加 | F4: 注文数 | G4: カート率 | H4: カート→注文 | I4: 購入転換率 | J4: 判定 | K4: 備考
A5: NAVERスマートストア | B5: 2026.07.19 〜 2026.08.18 | C5: 31 | D5: 8383 | F5: 21 | G5: =IF($E5="","",$E5/$D5) | H5: =IF(OR($E5="",$E5=0),"",$F5/$E5) | I5: =$F5/$D5 -> 0.0025050698 | J5: =IF($I5>='00_設定'!$B$12,"◎",IF($I5>='00_設定'!$B$13,"○",IF($I5>=0.002,"▲","✕"))) | K5: テスト購入（仮購入）が一部含まれ、実績より高く出ています
A6: NAVERスマートストア | B6: 2026.08.19 〜 2026.09.17 | C6: 30 | D6: 15000 | F6: 8 | G6: =IF($E6="","",$E6/$D6) | H6: =IF(OR($E6="",$E6=0),"",$F6/$E6) | I6: =$F6/$D6 -> 0.00053333333 | J6: =IF($I6>='00_設定'!$B$12,"◎",IF($I6>='00_設定'!$B$13,"○",IF($I6>=0.002,"▲","✕"))) | K6: 通常の集計基準
A7: Coupang | B7: 2026.07.17 〜 2026.08.18 | C7: 33 | D7: 1311 | E7: 152 | F7: 5 | G7: =IF($E7="","",$E7/$D7) -> 0.11594203 | H7: =IF(OR($E7="",$E7=0),"",$F7/$E7) -> 0.032894737 | I7: =$F7/$D7 -> 0.0038138825 | J7: =IF($I7>='00_設定'!$B$12,"◎",IF($I7>='00_設定'!$B$13,"○",IF($I7>=0.002,"▲","✕")))
A8: Coupang | B8: 2026.08.17 〜 2026.09.18 | C8: 33 | D8: 1185 | E8: 153 | F8: 1 | G8: =IF($E8="","",$E8/$D8) -> 0.12911392 | H8: =IF(OR($E8="",$E8=0),"",$F8/$E8) -> 0.0065359477 | I8: =$F8/$D8 -> 0.00084388186 | J8: =IF($I8>='00_設定'!$B$12,"◎",IF($I8>='00_設定'!$B$13,"○",IF($I8>=0.002,"▲","✕"))) | K8: 在庫がほとんど無く、購入につながりにくかったと推定
A10: ここから読み取れること
A11: ① NAVER：訪問者は 8,383 → 15,000 と 1.8倍に増えたのに、注文は 21 → 8 に減っています。集客は増えているのに買われていない状態です（前期はテスト購入を含むため、実際の落ち込みはこれより小さい可能性があります）。
A12: ② Coupang：訪問→カートは 11.6% → 12.9% と健全な水準を維持しています。落ちたのは カート→注文で、3.29% → 0.65% と約5分の1になりました。
A13: ③ つまり Coupang は「興味は持たれているが、買う直前で止まっている」状態です。在庫切れが主因という見立てと整合します。在庫を戻した後に カート→注文 が回復するかが、需要があるかどうかの答えになります。
A14: ④ NAVERはカート追加が記録されていないため、①が「集客の質」の問題か「買う直前」の問題かを切り分けられません。今後はカート追加を必ず記録してください。
A16: 次に測るべきこと（在庫を戻した後）
A17: 優先 | B17: 指標 | C17: 現在 | D17: 回復の合格ライン | E17: いつ判断するか
A18: 1 | B18: Coupang カート→注文率 | C18: 0.65% | D18: 5%以上 | E18: 在庫再登録から14日
A19: 2 | B19: NAVER カート率 | C19: 未計測 | D19: 6%以上 | E19: 記録開始から14日
A20: 3 | B20: NAVER 購入転換率 | C20: 0.053% | D20: 0.5%以上 | E20: 広告再開から30日
A21: 4 | B21: メタ広告 CPA | C21: 未計測 | D21: 54,545W(¥6,000)以下 | E21: 出稿開始から30日

Sheet 00_設定
A1: 設定と判定基準
A2: 黄色セルが入力欄。ここを変えると全シートの判定が変わります。通貨は韓国ウォン（W）、円は参考表示。
A4: 為替・単価
A5: 項目 | B5: 値 | C5: 単位 | D5: 円換算
A6: 為替レート | B6: 0.11 | C6: 円/W | F6: 実レートで更新
A7: 想定客単価 | B7: 272727 | C7: W | D7: =B7*$B$6 -> 29999.97 | F7: 社内基準の客単価3万円
A8: 目標CPA | B8: 40909 | C8: W | D8: =B8*$B$6 -> 4499.99 | F8: 客単価×15%
A9: 許容CPA上限 | B9: 54545 | C9: W | D9: =B9*$B$6 -> 5999.95 | F9: 客単価×20%
A10: 目標 広告費率 | B10: 0.15 | C10: — | F10: 広告費 ÷ 売上
A11: 許容 広告費率 | B11: 0.2 | C11: —
A12: 目標 購入転換率 | B12: 0.01 | C12: — | F12: 1.0%。実績は0.05〜0.38%
A13: 最低ライン 購入転換率 | B13: 0.005 | C13: — | F13: 0.5%
A14: 目標 カート率 | B14: 0.1 | C14: — | F14: 訪問→カート。Coupang実績12.9%
A15: 目標 カート→注文率 | B15: 0.2 | C15: — | F15: Coupang実績は0.65%まで低下
A16: 目標 CTR | B16: 0.012 | C16: — | F16: メタ広告
A17: 目標 LP到達率 | B17: 0.9 | C17: — | F17: クリック→LPビュー
A19: 判定の読み方
A20: 指標 | B20: ◎ 良好 | C20: ○ 許容 | D20: ▲ 要注意 | E20: ✕ 停止ライン | F20: 見るポイント
A21: 購入転換率 | B21: 1.0%以上 | C21: 0.5%以上 | D21: 0.2%以上 | E21: 0.2%未満 | F21: 訪問が増えても注文が増えないなら商品ページの問題
A22: カート率（訪問→カート） | B22: 10%以上 | C22: 6%以上 | D22: 3%以上 | E22: 3%未満 | F22: 低いなら価格・画像・検索順位の問題
A23: カート→注文率 | B23: 20%以上 | C23: 10%以上 | D23: 5%以上 | E23: 5%未満 | F23: ★低いなら在庫切れ・送料・決済の問題
A24: CPA | B24: 目標以下 | C24: 許容以下 | D24: 許容の1.5倍まで | E24: 許容の1.5倍超 | F24: 7日連続で✕なら広告停止
A25: 広告費率 | B25: 15%以下 | C25: 20%以下 | D25: 30%まで | E25: 30%超
A26: CTR（メタ） | B26: 1.2%以上 | C26: 0.8%以上 | D26: 0.5%以上 | E26: 0.5%未満 | F26: クリエイティブ疲弊のサイン
A27: 注記
A28: ★カート→注文率が最重要。Coupangは訪問→カートが12.9%と健全なのに、カート→注文が0.65%まで落ちています。
A29: この2段階を分けて記録することで、「集客の問題」か「買う直前の問題」かが切り分けられます。
A30: 在庫状態を必ず記録してください。在庫切れ期間の転換率は需要の指標になりません。
