Workbook

Sheet 요약
A1: 리베티코리아 3개월 운영자금 요청
A2: 대상 기간 2026-10 ~ 2026-12 | 제출처 일본 본사 | 작성일 2026-09-18 | 환율 0.11 엔/원
A4: 결론
B5: 요청 총액 | C5: =상세내역!E29 -> 43193588 | D5: =C5*0.11 -> 4751294.7 | E5: 실제 소진분 + 가배송 회전자금
B6: └ 실제 소진 금액 | C6: =상세내역!E27 -> 29648588 | D6: =C6*0.11 -> 3261344.7 | E6: ①+②+③+⑤ 회수되지 않고 없어지는 돈
B7: └ 가배송 회전 운영자금 | C7: =상세내역!E28 -> 13545000 | D7: =C7*0.11 -> 1489950 | E7: ④ 정산으로 회수 → 다음 달 재사용
A9: 구분별 금액
B10: 구분 | C10: 3개월 금액 | D10: 엔 환산 | E10: 비고
A11: ① | B11: 3개월 고정비 | C11: =상세내역!E10 -> 17385000 | D11: =C11*0.11 -> 1912350 | E11: 인건비·세무비·월세·관리비
A12: ② | B12: 3개월 마케팅·운영비 | C12: =상세내역!E18 -> 8340000 | D12: =C12*0.11 -> 917400 | E12: ★ 절감 반영 (기존 15,960,000원)
A13: ③ | B13: 가배송 관련 비용 | C13: =상세내역!E23 -> 2511750 | D13: =C13*0.11 -> 276292.5 | E13: 배송비 + 세금계산서 수수료 5%
A14: ⑤ | B14: 예비비 | C14: =상세내역!E25 -> 1411838 | D14: =C14*0.11 -> 155302.18 | E14: (①+②+③) × 5%
B15: 실제 소진 소계 | C15: =상세내역!E27 -> 29648588 | D15: =C15*0.11 -> 3261344.7 | E15: 위 4개 항목의 합계
A16: ④ | B16: 가배송 회전 운영자금 | C16: =상세내역!E28 -> 13545000 | D16: =C16*0.11 -> 1489950 | E16: 1개월분만 필요 (정산으로 회수)
A17: ■ | B17: 요청 총액 | C17: =상세내역!E29 -> 43193588 | D17: =C17*0.11 -> 4751294.7
A19: 절감 내역 (마케팅·운영비)
B20: 항목 | C20: 기존 (월) | D20: 절감 후 (월) | E20: 차이
B21: 메타 광고비 | C21: 3960000 | D21: 2000000 | E21: =D21-C21 -> -1960000
B22: 네이버·쿠팡 마케팅 | C22: 500000 | D22: 300000 | E22: =D22-C22 -> -200000
B23: 택배비 | C23: 60000 | D23: 60000 | E23: =D23-C23 -> 0
B24: 교통비·출장 | C24: 650000 | D24: 300000 | E24: =D24-C24 -> -350000
B25: 기타 운영비 | C25: 150000 | D25: 120000 | E25: =D25-C25 -> -30000
B26: 3개월 합계 | C26: =SUM(C21:C25)*3 -> 15960000 | D26: =SUM(D21:D25)*3 -> 8340000 | E26: =D26-C26 -> -7620000
A28: 注記
A29: ◆ 요청 총액이 51,194,588원 → 43,193,588원으로 8,001,000원(-15.6%) 줄었습니다. (엔 환산 ¥5,631,405 → ¥4,751,295)
A30: ◆ 요청 총액 43,193,588원 중 13,545,000원은 가배송 회전자금입니다. 정산으로 회수되어 다시 쓰므로, 실제로 없어지는 돈은 29,648,588원입니다.
A31: ◆ 메타 광고비를 실적(3,960,000원/월)의 절반인 2,000,000원/월로 잡았습니다. 10월은 재고가 22개뿐이라 대규모 집행이 불가능하고, 11월 입고 후 단계적으로 늘리는 전제입니다.
A32: ◆ 출장비(항공 980,000 + 숙박 135,500)는 이번 3개월 산정에서 제외했습니다. 촬영·콘텐츠 제작비와 EMS도 제외 상태입니다.
A33: ◆ 세금계산서 수수료(2,031,750원)가 발생하지 않으면 총액은 41,060,250원으로 줄어듭니다.
A34: ◆ 상품 매입 대금과 800개 통관 비용은 이 요청에 포함되지 않았습니다 (별도 건).

Sheet 상세내역
A1: 상세 내역
A2: 「실적」은 2025.12~2026.08 실제 지출에서 산출, 「예상치」는 근거를 명시한 가정치입니다.
B4: 항목 | C4: 기존(월) | D4: 절감 후(월) | E4: 3개월 | F4: 엔 환산 | G4: 구분 | H4: 산정 근거
A5: ① | B5: 3개월 고정비
B6: 인건비 | C6: 5000000 | D6: 5000000 | E6: =D6*3 -> 15000000 | F6: =E6*0.11 -> 1650000 | G6: 확정 | H6: 지정 금액
B7: 세무비 | C7: 80000 | D7: 80000 | E7: =D7*3 -> 240000 | F7: =E7*0.11 -> 26400 | G7: 확정 | H7: 지정 금액
B8: 사무실 월세 | C8: 550000 | D8: 550000 | E8: =D8*3 -> 1650000 | F8: =E8*0.11 -> 181500 | G8: 확정 | H8: 지정 금액
B9: 관리비 | C9: 165000 | D9: 165000 | E9: =D9*3 -> 495000 | F9: =E9*0.11 -> 54450 | G9: 확정 | H9: 지정 금액
B10: ① 소계 | C10: =SUM(C6:C9) -> 5795000 | D10: =SUM(D6:D9) -> 5795000 | E10: =SUM(E6:E9) -> 17385000 | F10: =E10*0.11 -> 1912350
A12: ② | B12: 3개월 마케팅·운영비
B13: 메타 광고비 | C13: 3960000 | D13: 2000000 | E13: =D13*3 -> 6000000 | F13: =E13*0.11 -> 660000 | G13: 절감 | H13: 실적 3,960,000은 7/18–8/19 집중 집행분. 10월은 재고 22개뿐이라 대규모 집행 불가, 11월 입고 후 단계적 확대 전제로 절반 수준
B14: 네이버·쿠팡 마케팅 | C14: 500000 | D14: 300000 | E14: =D14*3 -> 900000 | F14: =E14*0.11 -> 99000 | G14: 절감 | H14: 실적 기준 151,700원/월. 재개분을 감안해 실적의 약 2배로 축소
B15: 택배비 | C15: 60000 | D15: 60000 | E15: =D15*3 -> 180000 | F15: =E15*0.11 -> 19800 | G15: 유지 | H15: 실적 420,300÷7회=60,043. 이미 최소 수준이라 유지
B16: 교통비·출장 | C16: 650000 | D16: 300000 | E16: =D16*3 -> 900000 | F16: =E16*0.11 -> 99000 | G16: 절감 | H16: 출장(항공 980,000+숙박 135,500)을 제외. 일상 교통 256,667 + 주차 25,550 = 282,217 반올림
B17: 기타 운영비 | C17: 150000 | D17: 120000 | E17: =D17*3 -> 360000 | F17: =E17*0.11 -> 39600 | G17: 절감 | H17: 실적 휴대폰 55,500+기타 49,000+소프트웨어 9,900=114,400 반올림
B18: ② 소계 | C18: =SUM(C13:C17) -> 5320000 | D18: =SUM(D13:D17) -> 2780000 | E18: =SUM(E13:E17) -> 8340000 | F18: =E18*0.11 -> 917400
A20: ③ | B20: 가배송 관련 비용
B21: 가배송 배송비 | E21: 480000 | F21: =E21*0.11 -> 52800 | G21: 확정 | H21: 6개월 960,000원의 3개월분 (건당 3,000원 × 165건)
B22: 세금계산서 발행 수수료 5% | E22: 2031750 | F22: =E22*0.11 -> 223492.5 | G22: 조건부 | H22: 가배송 주문액 13,545,000 × 5% × 3개월
B23: ③ 소계 | E23: =SUM(E21:E22) -> 2511750 | F23: =E23*0.11 -> 276292.5
A25: ⑤ | B25: 예비비 | E25: =ROUND((E10+E18+E23)*0.05,0) -> 1411838 | F25: =E25*0.11 -> 155302.18 | G25: 예상치 | H25: (①+②+③) × 5%. 환율 변동·긴급 대응용. 일반적인 10%보다 보수적으로 설정
B27: 실제 소진 소계 (①+②+③+⑤) | E27: =E10+E18+E23+E25 -> 29648588 | F27: =E27*0.11 -> 3261344.7
A28: ④ | B28: 가배송 회전 운영자금 (1개월분) | E28: 13545000 | F28: =E28*0.11 -> 1489950 | G28: 확정 | H28: S 30개×219,000 + M 25개×279,000. 정산으로 회수되어 다음 달 재사용
A29: ■ | B29: 요청 총액 | E29: =E27+E28 -> 43193588 | F29: =E29*0.11 -> 4751294.7

Sheet 월별
A1: 월별 자금 소요
A2: 1개월차에 가배송 회전자금이 한 번에 들어가므로 첫 달만 큽니다. 2개월차부터는 동일합니다.
A4: 구분 | B4: 1개월차 | C4: 2개월차 | D4: 3개월차 | E4: 3개월 합계 | F4: 비고
A5: ① 고정비 | B5: 5795000 | C5: 5795000 | D5: 5795000 | E5: =SUM(B5:D5) -> 17385000 | F5: 매월 동일
A6: ② 마케팅·운영비 | B6: 2780000 | C6: 2780000 | D6: 2780000 | E6: =SUM(B6:D6) -> 8340000 | F6: 절감 반영
A7: ③ 가배송 배송비·수수료 | B7: 837250 | C7: 837250 | D7: 837250 | E7: =SUM(B7:D7) -> 2511750 | F7: 배송비 160,000 + 수수료 677,250
A8: ⑤ 예비비 | B8: 470612.67 | C8: 470612.67 | D8: 470612.67 | E8: =SUM(B8:D8) -> 1411838 | F8: 3개월 균등 배분
A9: ④ 가배송 회전 운영자금 | B9: 13545000 | E9: =SUM(B9:D9) -> 13545000 | F9: 1개월차에만 필요
A10: 월 소요액 | B10: =SUM(A5:A9) -> 23427863 | C10: =SUM(B5:B9) -> 9882862.7 | D10: =SUM(C5:C9) -> 9882862.7 | E10: =SUM(B10:D10) -> 43193588
A11: 엔 환산 | B11: =A10*0.11 -> 2577064.9 | C11: =B10*0.11 -> 1087114.9 | D11: =C10*0.11 -> 1087114.9 | E11: =E10*0.11 -> 4751294.7
A13: 注記
A14: ◆ 1개월차 23,427,863원 (¥2,577,065) / 2~3개월차 각 9,882,863원 (¥1,087,115)
A15: ◆ 가배송 회전자금 13,545,000원은 1개월차에만 투입하며, 이후에는 정산으로 회수한 자금을 재사용합니다.
A16: ◆ 현재 재고 22개 기준으로는 월 55건 가배송이 어렵습니다. 800개 입고(11월 중순) 이후 본격 진행이 가능하므로, 필요 시 회전자금 투입을 2개월차로 조정할 수 있습니다.
