Workbook

Sheet 日次入力
A1: Libetee 日次入力（広告費 → 売上予想）
A2: 毎日、1行＝その日・その商品・その媒体。青字セル（黄色）だけ入力。上の3日分はサンプルです。
A3: 日付 | B3: アカウント | C3: 商品/ブランド | D3: 媒体 | E3: 広告費 | F3: CPA (獲得単価) | G3: アクセス単価 | H3: 予想 転換率 | I3: 客単価 | J3: 予想 アクセス数 | K3: 予想獲得数 (CPA基準) | L3: 予想獲得数 (ｱｸｾｽ×CVR) | M3: 整合差異 | N3: 予想売上 | O3: ROAS
A4: 46204 | B4: メタアカウント | C4: スーツケース（トラベル） | D4: Amazon | E4: 300000 | F4: 6000 | G4: 60 | H4: 0.01 | I4: 15000 | J4: =IFERROR(E4/G4,0) | K4: =IFERROR(E4/F4,0) | L4: =J4*H4 | M4: =K4-L4 | N4: =K4*I4 | O4: =IFERROR(N4/E4,0)
A5: 46204 | B5: メタアカウント | C5: スーツケース（トラベル） | D5: 楽天 | E5: 250000 | F5: 8000 | G5: 70 | H5: 0.006 | I5: 15000 | J5: =IFERROR(E5/G5,0) | K5: =IFERROR(E5/F5,0) | L5: =J5*H5 | M5: =K5-L5 | N5: =K5*I5 | O5: =IFERROR(N5/E5,0)
A6: 46204 | B6: メタアカウント | C6: スーツケース（トラベル） | D6: 自社サイト | E6: 150000 | F6: 7000 | G6: 55 | H6: 0.012 | I6: 16000 | J6: =IFERROR(E6/G6,0) | K6: =IFERROR(E6/F6,0) | L6: =J6*H6 | M6: =K6-L6 | N6: =K6*I6 | O6: =IFERROR(N6/E6,0)
A7: 46204 | B7: メタアカウント | C7: スーツケース（カタログ） | D7: Amazon | E7: 200000 | F7: 6500 | G7: 65 | H7: 0.009 | I7: 14000 | J7: =IFERROR(E7/G7,0) | K7: =IFERROR(E7/F7,0) | L7: =J7*H7 | M7: =K7-L7 | N7: =K7*I7 | O7: =IFERROR(N7/E7,0)
A8: 46204 | B8: メタアカウント | C8: スーツケース（カタログ） | D8: 楽天 | E8: 180000 | F8: 8500 | G8: 75 | H8: 0.005 | I8: 14000 | J8: =IFERROR(E8/G8,0) | K8: =IFERROR(E8/F8,0) | L8: =J8*H8 | M8: =K8-L8 | N8: =K8*I8 | O8: =IFERROR(N8/E8,0)
A9: 46204 | B9: メタアカウント | C9: スーツケース（カタログ） | D9: 自社サイト | E9: 120000 | F9: 7200 | G9: 58 | H9: 0.011 | I9: 15000 | J9: =IFERROR(E9/G9,0) | K9: =IFERROR(E9/F9,0) | L9: =J9*H9 | M9: =K9-L9 | N9: =K9*I9 | O9: =IFERROR(N9/E9,0)
A10: 46204 | B10: ハンディファンアカウント | C10: ガジェティ | D10: Amazon | E10: 180000 | F10: 1500 | G10: 40 | H10: 0.02 | I10: 3200 | J10: =IFERROR(E10/G10,0) | K10: =IFERROR(E10/F10,0) | L10: =J10*H10 | M10: =K10-L10 | N10: =K10*I10 | O10: =IFERROR(N10/E10,0)
A11: 46204 | B11: ハンディファンアカウント | C11: ガジェティ | D11: 楽天 | E11: 150000 | F11: 1800 | G11: 45 | H11: 0.015 | I11: 3200 | J11: =IFERROR(E11/G11,0) | K11: =IFERROR(E11/F11,0) | L11: =J11*H11 | M11: =K11-L11 | N11: =K11*I11 | O11: =IFERROR(N11/E11,0)
A12: 46204 | B12: ハンディファンアカウント | C12: ガジェティ | D12: 自社サイト | E12: 90000 | F12: 1600 | G12: 38 | H12: 0.022 | I12: 3500 | J12: =IFERROR(E12/G12,0) | K12: =IFERROR(E12/F12,0) | L12: =J12*H12 | M12: =K12-L12 | N12: =K12*I12 | O12: =IFERROR(N12/E12,0)
A13: 46204 | B13: ツヤリスアカウント | C13: ツヤリス | D13: Amazon | E13: 160000 | F13: 2200 | G13: 45 | H13: 0.018 | I13: 4200 | J13: =IFERROR(E13/G13,0) | K13: =IFERROR(E13/F13,0) | L13: =J13*H13 | M13: =K13-L13 | N13: =K13*I13 | O13: =IFERROR(N13/E13,0)
A14: 46204 | B14: ツヤリスアカウント | C14: ツヤリス | D14: 楽天 | E14: 140000 | F14: 2600 | G14: 50 | H14: 0.012 | I14: 4200 | J14: =IFERROR(E14/G14,0) | K14: =IFERROR(E14/F14,0) | L14: =J14*H14 | M14: =K14-L14 | N14: =K14*I14 | O14: =IFERROR(N14/E14,0)
A15: 46204 | B15: ツヤリスアカウント | C15: ツヤリス | D15: 自社サイト | E15: 100000 | F15: 2400 | G15: 42 | H15: 0.02 | I15: 4500 | J15: =IFERROR(E15/G15,0) | K15: =IFERROR(E15/F15,0) | L15: =J15*H15 | M15: =K15-L15 | N15: =K15*I15 | O15: =IFERROR(N15/E15,0)
... A39: 46208 | B39: ツヤリスアカウント | C39: ツヤリス | D39: 自社サイト | E39: 140000 | F39: 2400 | G39: 42 | H39: 0.02 | I39: 4500 | J39: =IFERROR(E39/G39,0) | K39: =IFERROR(E39/F39,0) | L39: =J39*H39 | M39: =K39-L39 | N39: =K39*I39 | O39: =IFERROR(N39/E39,0)
J40: =IFERROR(E40/G40,0) | K40: =IFERROR(E40/F40,0) | L40: =J40*H40 | M40: =K40-L40 | N40: =K40*I40 | O40: =IFERROR(N40/E40,0)
J41: =IFERROR(E41/G41,0) | K41: =IFERROR(E41/F41,0) | L41: =J41*H41 | M41: =K41-L41 | N41: =K41*I41 | O41: =IFERROR(N41/E41,0)
J42: =IFERROR(E42/G42,0) | K42: =IFERROR(E42/F42,0) | L42: =J42*H42 | M42: =K42-L42 | N42: =K42*I42 | O42: =IFERROR(N42/E42,0)
J43: =IFERROR(E43/G43,0) | K43: =IFERROR(E43/F43,0) | L43: =J43*H43 | M43: =K43-L43 | N43: =K43*I43 | O43: =IFERROR(N43/E43,0)
J44: =IFERROR(E44/G44,0) | K44: =IFERROR(E44/F44,0) | L44: =J44*H44 | M44: =K44-L44 | N44: =K44*I44 | O44: =IFERROR(N44/E44,0)
J45: =IFERROR(E45/G45,0) | K45: =IFERROR(E45/F45,0) | L45: =J45*H45 | M45: =K45-L45 | N45: =K45*I45 | O45: =IFERROR(N45/E45,0)
J46: =IFERROR(E46/G46,0) | K46: =IFERROR(E46/F46,0) | L46: =J46*H46 | M46: =K46-L46 | N46: =K46*I46 | O46: =IFERROR(N46/E46,0)
J47: =IFERROR(E47/G47,0) | K47: =IFERROR(E47/F47,0) | L47: =J47*H47 | M47: =K47-L47 | N47: =K47*I47 | O47: =IFERROR(N47/E47,0)
J48: =IFERROR(E48/G48,0) | K48: =IFERROR(E48/F48,0) | L48: =J48*H48 | M48: =K48-L48 | N48: =K48*I48 | O48: =IFERROR(N48/E48,0)
J49: =IFERROR(E49/G49,0) | K49: =IFERROR(E49/F49,0) | L49: =J49*H49 | M49: =K49-L49 | N49: =K49*I49 | O49: =IFERROR(N49/E49,0)
J50: =IFERROR(E50/G50,0) | K50: =IFERROR(E50/F50,0) | L50: =J50*H50 | M50: =K50-L50 | N50: =K50*I50 | O50: =IFERROR(N50/E50,0)
J51: =IFERROR(E51/G51,0) | K51: =IFERROR(E51/F51,0) | L51: =J51*H51 | M51: =K51-L51 | N51: =K51*I51 | O51: =IFERROR(N51/E51,0)
... J403: =IFERROR(E403/G403,0) | K403: =IFERROR(E403/F403,0) | L403: =J403*H403 | M403: =K403-L403 | N403: =K403*I403 | O403: =IFERROR(N403/E403,0)

Sheet 日別サマリー
A1: 日別サマリー（月次トレンド）
A2: 対象年月（1日を入力） | B2: 46204 | C2: ↑ この月の1日を入力（例 2026/7/1）
A4: 日付 | B4: 広告費 | C4: 予想アクセス数 | D4: 予想獲得数 | E4: 予想売上 | F4: ROAS | G4: 月累計売上
A5: =$B$2+0 | B5: =SUMIFS('日次入力'!$E$4:$E$403,'日次入力'!$A$4:$A$403,$A5) | C5: =SUMIFS('日次入力'!$J$4:$J$403,'日次入力'!$A$4:$A$403,$A5) | D5: =SUMIFS('日次入力'!$K$4:$K$403,'日次入力'!$A$4:$A$403,$A5) | E5: =SUMIFS('日次入力'!$N$4:$N$403,'日次入力'!$A$4:$A$403,$A5) | F5: =IFERROR(E5/B5,0) | G5: =SUM($E$5:$E5)
A6: =$B$2+1 | B6: =SUMIFS('日次入力'!$E$4:$E$403,'日次入力'!$A$4:$A$403,$A6) | C6: =SUMIFS('日次入力'!$J$4:$J$403,'日次入力'!$A$4:$A$403,$A6) | D6: =SUMIFS('日次入力'!$K$4:$K$403,'日次入力'!$A$4:$A$403,$A6) | E6: =SUMIFS('日次入力'!$N$4:$N$403,'日次入力'!$A$4:$A$403,$A6) | F6: =IFERROR(E6/B6,0) | G6: =SUM($E$5:$E6)
A7: =$B$2+2 | B7: =SUMIFS('日次入力'!$E$4:$E$403,'日次入力'!$A$4:$A$403,$A7) | C7: =SUMIFS('日次入力'!$J$4:$J$403,'日次入力'!$A$4:$A$403,$A7) | D7: =SUMIFS('日次入力'!$K$4:$K$403,'日次入力'!$A$4:$A$403,$A7) | E7: =SUMIFS('日次入力'!$N$4:$N$403,'日次入力'!$A$4:$A$403,$A7) | F7: =IFERROR(E7/B7,0) | G7: =SUM($E$5:$E7)
A8: =$B$2+3 | B8: =SUMIFS('日次入力'!$E$4:$E$403,'日次入力'!$A$4:$A$403,$A8) | C8: =SUMIFS('日次入力'!$J$4:$J$403,'日次入力'!$A$4:$A$403,$A8) | D8: =SUMIFS('日次入力'!$K$4:$K$403,'日次入力'!$A$4:$A$403,$A8) | E8: =SUMIFS('日次入力'!$N$4:$N$403,'日次入力'!$A$4:$A$403,$A8) | F8: =IFERROR(E8/B8,0) | G8: =SUM($E$5:$E8)
A9: =$B$2+4 | B9: =SUMIFS('日次入力'!$E$4:$E$403,'日次入力'!$A$4:$A$403,$A9) | C9: =SUMIFS('日次入力'!$J$4:$J$403,'日次入力'!$A$4:$A$403,$A9) | D9: =SUMIFS('日次入力'!$K$4:$K$403,'日次入力'!$A$4:$A$403,$A9) | E9: =SUMIFS('日次入力'!$N$4:$N$403,'日次入力'!$A$4:$A$403,$A9) | F9: =IFERROR(E9/B9,0) | G9: =SUM($E$5:$E9)
A10: =$B$2+5 | B10: =SUMIFS('日次入力'!$E$4:$E$403,'日次入力'!$A$4:$A$403,$A10) | C10: =SUMIFS('日次入力'!$J$4:$J$403,'日次入力'!$A$4:$A$403,$A10) | D10: =SUMIFS('日次入力'!$K$4:$K$403,'日次入力'!$A$4:$A$403,$A10) | E10: =SUMIFS('日次入力'!$N$4:$N$403,'日次入力'!$A$4:$A$403,$A10) | F10: =IFERROR(E10/B10,0) | G10: =SUM($E$5:$E10)
A11: =$B$2+6 | B11: =SUMIFS('日次入力'!$E$4:$E$403,'日次入力'!$A$4:$A$403,$A11) | C11: =SUMIFS('日次入力'!$J$4:$J$403,'日次入力'!$A$4:$A$403,$A11) | D11: =SUMIFS('日次入力'!$K$4:$K$403,'日次入力'!$A$4:$A$403,$A11) | E11: =SUMIFS('日次入力'!$N$4:$N$403,'日次入力'!$A$4:$A$403,$A11) | F11: =IFERROR(E11/B11,0) | G11: =SUM($E$5:$E11)
A12: =$B$2+7 | B12: =SUMIFS('日次入力'!$E$4:$E$403,'日次入力'!$A$4:$A$403,$A12) | C12: =SUMIFS('日次入力'!$J$4:$J$403,'日次入力'!$A$4:$A$403,$A12) | D12: =SUMIFS('日次入力'!$K$4:$K$403,'日次入力'!$A$4:$A$403,$A12) | E12: =SUMIFS('日次入力'!$N$4:$N$403,'日次入力'!$A$4:$A$403,$A12) | F12: =IFERROR(E12/B12,0) | G12: =SUM($E$5:$E12)
A13: =$B$2+8 | B13: =SUMIFS('日次入力'!$E$4:$E$403,'日次入力'!$A$4:$A$403,$A13) | C13: =SUMIFS('日次入力'!$J$4:$J$403,'日次入力'!$A$4:$A$403,$A13) | D13: =SUMIFS('日次入力'!$K$4:$K$403,'日次入力'!$A$4:$A$403,$A13) | E13: =SUMIFS('日次入力'!$N$4:$N$403,'日次入力'!$A$4:$A$403,$A13) | F13: =IFERROR(E13/B13,0) | G13: =SUM($E$5:$E13)
A14: =$B$2+9 | B14: =SUMIFS('日次入力'!$E$4:$E$403,'日次入力'!$A$4:$A$403,$A14) | C14: =SUMIFS('日次入力'!$J$4:$J$403,'日次入力'!$A$4:$A$403,$A14) | D14: =SUMIFS('日次入力'!$K$4:$K$403,'日次入力'!$A$4:$A$403,$A14) | E14: =SUMIFS('日次入力'!$N$4:$N$403,'日次入力'!$A$4:$A$403,$A14) | F14: =IFERROR(E14/B14,0) | G14: =SUM($E$5:$E14)
A15: =$B$2+10 | B15: =SUMIFS('日次入力'!$E$4:$E$403,'日次入力'!$A$4:$A$403,$A15) | C15: =SUMIFS('日次入力'!$J$4:$J$403,'日次入力'!$A$4:$A$403,$A15) | D15: =SUMIFS('日次入力'!$K$4:$K$403,'日次入力'!$A$4:$A$403,$A15) | E15: =SUMIFS('日次入力'!$N$4:$N$403,'日次入力'!$A$4:$A$403,$A15) | F15: =IFERROR(E15/B15,0) | G15: =SUM($E$5:$E15)
A16: =$B$2+11 | B16: =SUMIFS('日次入力'!$E$4:$E$403,'日次入力'!$A$4:$A$403,$A16) | C16: =SUMIFS('日次入力'!$J$4:$J$403,'日次入力'!$A$4:$A$403,$A16) | D16: =SUMIFS('日次入力'!$K$4:$K$403,'日次入力'!$A$4:$A$403,$A16) | E16: =SUMIFS('日次入力'!$N$4:$N$403,'日次入力'!$A$4:$A$403,$A16) | F16: =IFERROR(E16/B16,0) | G16: =SUM($E$5:$E16)
A17: =$B$2+12 | B17: =SUMIFS('日次入力'!$E$4:$E$403,'日次入力'!$A$4:$A$403,$A17) | C17: =SUMIFS('日次入力'!$J$4:$J$403,'日次入力'!$A$4:$A$403,$A17) | D17: =SUMIFS('日次入力'!$K$4:$K$403,'日次入力'!$A$4:$A$403,$A17) | E17: =SUMIFS('日次入力'!$N$4:$N$403,'日次入力'!$A$4:$A$403,$A17) | F17: =IFERROR(E17/B17,0) | G17: =SUM($E$5:$E17)
A18: =$B$2+13 | B18: =SUMIFS('日次入力'!$E$4:$E$403,'日次入力'!$A$4:$A$403,$A18) | C18: =SUMIFS('日次入力'!$J$4:$J$403,'日次入力'!$A$4:$A$403,$A18) | D18: =SUMIFS('日次入力'!$K$4:$K$403,'日次入力'!$A$4:$A$403,$A18) | E18: =SUMIFS('日次入力'!$N$4:$N$403,'日次入力'!$A$4:$A$403,$A18) | F18: =IFERROR(E18/B18,0) | G18: =SUM($E$5:$E18)
A19: =$B$2+14 | B19: =SUMIFS('日次入力'!$E$4:$E$403,'日次入力'!$A$4:$A$403,$A19) | C19: =SUMIFS('日次入力'!$J$4:$J$403,'日次入力'!$A$4:$A$403,$A19) | D19: =SUMIFS('日次入力'!$K$4:$K$403,'日次入力'!$A$4:$A$403,$A19) | E19: =SUMIFS('日次入力'!$N$4:$N$403,'日次入力'!$A$4:$A$403,$A19) | F19: =IFERROR(E19/B19,0) | G19: =SUM($E$5:$E19)
A20: =$B$2+15 | B20: =SUMIFS('日次入力'!$E$4:$E$403,'日次入力'!$A$4:$A$403,$A20) | C20: =SUMIFS('日次入力'!$J$4:$J$403,'日次入力'!$A$4:$A$403,$A20) | D20: =SUMIFS('日次入力'!$K$4:$K$403,'日次入力'!$A$4:$A$403,$A20) | E20: =SUMIFS('日次入力'!$N$4:$N$403,'日次入力'!$A$4:$A$403,$A20) | F20: =IFERROR(E20/B20,0) | G20: =SUM($E$5:$E20)
A21: =$B$2+16 | B21: =SUMIFS('日次入力'!$E$4:$E$403,'日次入力'!$A$4:$A$403,$A21) | C21: =SUMIFS('日次入力'!$J$4:$J$403,'日次入力'!$A$4:$A$403,$A21) | D21: =SUMIFS('日次入力'!$K$4:$K$403,'日次入力'!$A$4:$A$403,$A21) | E21: =SUMIFS('日次入力'!$N$4:$N$403,'日次入力'!$A$4:$A$403,$A21) | F21: =IFERROR(E21/B21,0) | G21: =SUM($E$5:$E21)
A22: =$B$2+17 | B22: =SUMIFS('日次入力'!$E$4:$E$403,'日次入力'!$A$4:$A$403,$A22) | C22: =SUMIFS('日次入力'!$J$4:$J$403,'日次入力'!$A$4:$A$403,$A22) | D22: =SUMIFS('日次入力'!$K$4:$K$403,'日次入力'!$A$4:$A$403,$A22) | E22: =SUMIFS('日次入力'!$N$4:$N$403,'日次入力'!$A$4:$A$403,$A22) | F22: =IFERROR(E22/B22,0) | G22: =SUM($E$5:$E22)
A23: =$B$2+18 | B23: =SUMIFS('日次入力'!$E$4:$E$403,'日次入力'!$A$4:$A$403,$A23) | C23: =SUMIFS('日次入力'!$J$4:$J$403,'日次入力'!$A$4:$A$403,$A23) | D23: =SUMIFS('日次入力'!$K$4:$K$403,'日次入力'!$A$4:$A$403,$A23) | E23: =SUMIFS('日次入力'!$N$4:$N$403,'日次入力'!$A$4:$A$403,$A23) | F23: =IFERROR(E23/B23,0) | G23: =SUM($E$5:$E23)
A24: =$B$2+19 | B24: =SUMIFS('日次入力'!$E$4:$E$403,'日次入力'!$A$4:$A$403,$A24) | C24: =SUMIFS('日次入力'!$J$4:$J$403,'日次入力'!$A$4:$A$403,$A24) | D24: =SUMIFS('日次入力'!$K$4:$K$403,'日次入力'!$A$4:$A$403,$A24) | E24: =SUMIFS('日次入力'!$N$4:$N$403,'日次入力'!$A$4:$A$403,$A24) | F24: =IFERROR(E24/B24,0) | G24: =SUM($E$5:$E24)
A25: =$B$2+20 | B25: =SUMIFS('日次入力'!$E$4:$E$403,'日次入力'!$A$4:$A$403,$A25) | C25: =SUMIFS('日次入力'!$J$4:$J$403,'日次入力'!$A$4:$A$403,$A25) | D25: =SUMIFS('日次入力'!$K$4:$K$403,'日次入力'!$A$4:$A$403,$A25) | E25: =SUMIFS('日次入力'!$N$4:$N$403,'日次入力'!$A$4:$A$403,$A25) | F25: =IFERROR(E25/B25,0) | G25: =SUM($E$5:$E25)
A26: =$B$2+21 | B26: =SUMIFS('日次入力'!$E$4:$E$403,'日次入力'!$A$4:$A$403,$A26) | C26: =SUMIFS('日次入力'!$J$4:$J$403,'日次入力'!$A$4:$A$403,$A26) | D26: =SUMIFS('日次入力'!$K$4:$K$403,'日次入力'!$A$4:$A$403,$A26) | E26: =SUMIFS('日次入力'!$N$4:$N$403,'日次入力'!$A$4:$A$403,$A26) | F26: =IFERROR(E26/B26,0) | G26: =SUM($E$5:$E26)
A27: =$B$2+22 | B27: =SUMIFS('日次入力'!$E$4:$E$403,'日次入力'!$A$4:$A$403,$A27) | C27: =SUMIFS('日次入力'!$J$4:$J$403,'日次入力'!$A$4:$A$403,$A27) | D27: =SUMIFS('日次入力'!$K$4:$K$403,'日次入力'!$A$4:$A$403,$A27) | E27: =SUMIFS('日次入力'!$N$4:$N$403,'日次入力'!$A$4:$A$403,$A27) | F27: =IFERROR(E27/B27,0) | G27: =SUM($E$5:$E27)
A28: =$B$2+23 | B28: =SUMIFS('日次入力'!$E$4:$E$403,'日次入力'!$A$4:$A$403,$A28) | C28: =SUMIFS('日次入力'!$J$4:$J$403,'日次入力'!$A$4:$A$403,$A28) | D28: =SUMIFS('日次入力'!$K$4:$K$403,'日次入力'!$A$4:$A$403,$A28) | E28: =SUMIFS('日次入力'!$N$4:$N$403,'日次入力'!$A$4:$A$403,$A28) | F28: =IFERROR(E28/B28,0) | G28: =SUM($E$5:$E28)
A29: =$B$2+24 | B29: =SUMIFS('日次入力'!$E$4:$E$403,'日次入力'!$A$4:$A$403,$A29) | C29: =SUMIFS('日次入力'!$J$4:$J$403,'日次入力'!$A$4:$A$403,$A29) | D29: =SUMIFS('日次入力'!$K$4:$K$403,'日次入力'!$A$4:$A$403,$A29) | E29: =SUMIFS('日次入力'!$N$4:$N$403,'日次入力'!$A$4:$A$403,$A29) | F29: =IFERROR(E29/B29,0) | G29: =SUM($E$5:$E29)
A30: =$B$2+25 | B30: =SUMIFS('日次入力'!$E$4:$E$403,'日次入力'!$A$4:$A$403,$A30) | C30: =SUMIFS('日次入力'!$J$4:$J$403,'日次入力'!$A$4:$A$403,$A30) | D30: =SUMIFS('日次入力'!$K$4:$K$403,'日次入力'!$A$4:$A$403,$A30) | E30: =SUMIFS('日次入力'!$N$4:$N$403,'日次入力'!$A$4:$A$403,$A30) | F30: =IFERROR(E30/B30,0) | G30: =SUM($E$5:$E30)
A31: =$B$2+26 | B31: =SUMIFS('日次入力'!$E$4:$E$403,'日次入力'!$A$4:$A$403,$A31) | C31: =SUMIFS('日次入力'!$J$4:$J$403,'日次入力'!$A$4:$A$403,$A31) | D31: =SUMIFS('日次入力'!$K$4:$K$403,'日次入力'!$A$4:$A$403,$A31) | E31: =SUMIFS('日次入力'!$N$4:$N$403,'日次入力'!$A$4:$A$403,$A31) | F31: =IFERROR(E31/B31,0) | G31: =SUM($E$5:$E31)
A32: =$B$2+27 | B32: =SUMIFS('日次入力'!$E$4:$E$403,'日次入力'!$A$4:$A$403,$A32) | C32: =SUMIFS('日次入力'!$J$4:$J$403,'日次入力'!$A$4:$A$403,$A32) | D32: =SUMIFS('日次入力'!$K$4:$K$403,'日次入力'!$A$4:$A$403,$A32) | E32: =SUMIFS('日次入力'!$N$4:$N$403,'日次入力'!$A$4:$A$403,$A32) | F32: =IFERROR(E32/B32,0) | G32: =SUM($E$5:$E32)
A33: =$B$2+28 | B33: =SUMIFS('日次入力'!$E$4:$E$403,'日次入力'!$A$4:$A$403,$A33) | C33: =SUMIFS('日次入力'!$J$4:$J$403,'日次入力'!$A$4:$A$403,$A33) | D33: =SUMIFS('日次入力'!$K$4:$K$403,'日次入力'!$A$4:$A$403,$A33) | E33: =SUMIFS('日次入力'!$N$4:$N$403,'日次入力'!$A$4:$A$403,$A33) | F33: =IFERROR(E33/B33,0) | G33: =SUM($E$5:$E33)
A34: =$B$2+29 | B34: =SUMIFS('日次入力'!$E$4:$E$403,'日次入力'!$A$4:$A$403,$A34) | C34: =SUMIFS('日次入力'!$J$4:$J$403,'日次入力'!$A$4:$A$403,$A34) | D34: =SUMIFS('日次入力'!$K$4:$K$403,'日次入力'!$A$4:$A$403,$A34) | E34: =SUMIFS('日次入力'!$N$4:$N$403,'日次入力'!$A$4:$A$403,$A34) | F34: =IFERROR(E34/B34,0) | G34: =SUM($E$5:$E34)
A35: =$B$2+30 | B35: =SUMIFS('日次入力'!$E$4:$E$403,'日次入力'!$A$4:$A$403,$A35) | C35: =SUMIFS('日次入力'!$J$4:$J$403,'日次入力'!$A$4:$A$403,$A35) | D35: =SUMIFS('日次入力'!$K$4:$K$403,'日次入力'!$A$4:$A$403,$A35) | E35: =SUMIFS('日次入力'!$N$4:$N$403,'日次入力'!$A$4:$A$403,$A35) | F35: =IFERROR(E35/B35,0) | G35: =SUM($E$5:$E35)
A36: 月合計 | B36: =SUM(B5:B35) | C36: =SUM(C5:C35) | D36: =SUM(D5:D35) | E36: =SUM(E5:E35) | F36: =IFERROR(E36/B36,0) | G36: =E36

Sheet 商品別サマリー
A1: 商品別サマリー（当月・日別サマリーの対象年月に連動）
A2: 商品/ブランド | B2: 広告費 | C2: 予想獲得数 | D2: 予想売上 | E2: ブレンドCPA | F2: ROAS
A3: スーツケース（トラベル） | B3: =SUMIFS('日次入力'!$E$4:$E$403,'日次入力'!$A$4:$A$403,">="&'日別サマリー'!$B$2,'日次入力'!$A$4:$A$403,"<="&(DATE(YEAR('日別サマリー'!$B$2),MONTH('日別サマリー'!$B$2)+1,1)-1),'日次入力'!$C$4:$C$403,$A3) | C3: =SUMIFS('日次入力'!$K$4:$K$403,'日次入力'!$A$4:$A$403,">="&'日別サマリー'!$B$2,'日次入力'!$A$4:$A$403,"<="&(DATE(YEAR('日別サマリー'!$B$2),MONTH('日別サマリー'!$B$2)+1,1)-1),'日次入力'!$C$4:$C$403,$A3) | D3: =SUMIFS('日次入力'!$N$4:$N$403,'日次入力'!$A$4:$A$403,">="&'日別サマリー'!$B$2,'日次入力'!$A$4:$A$403,"<="&(DATE(YEAR('日別サマリー'!$B$2),MONTH('日別サマリー'!$B$2)+1,1)-1),'日次入力'!$C$4:$C$403,$A3) | E3: =IFERROR(B3/C3,0) | F3: =IFERROR(D3/B3,0)
A4: スーツケース（カタログ） | B4: =SUMIFS('日次入力'!$E$4:$E$403,'日次入力'!$A$4:$A$403,">="&'日別サマリー'!$B$2,'日次入力'!$A$4:$A$403,"<="&(DATE(YEAR('日別サマリー'!$B$2),MONTH('日別サマリー'!$B$2)+1,1)-1),'日次入力'!$C$4:$C$403,$A4) | C4: =SUMIFS('日次入力'!$K$4:$K$403,'日次入力'!$A$4:$A$403,">="&'日別サマリー'!$B$2,'日次入力'!$A$4:$A$403,"<="&(DATE(YEAR('日別サマリー'!$B$2),MONTH('日別サマリー'!$B$2)+1,1)-1),'日次入力'!$C$4:$C$403,$A4) | D4: =SUMIFS('日次入力'!$N$4:$N$403,'日次入力'!$A$4:$A$403,">="&'日別サマリー'!$B$2,'日次入力'!$A$4:$A$403,"<="&(DATE(YEAR('日別サマリー'!$B$2),MONTH('日別サマリー'!$B$2)+1,1)-1),'日次入力'!$C$4:$C$403,$A4) | E4: =IFERROR(B4/C4,0) | F4: =IFERROR(D4/B4,0)
A5: ガジェティ | B5: =SUMIFS('日次入力'!$E$4:$E$403,'日次入力'!$A$4:$A$403,">="&'日別サマリー'!$B$2,'日次入力'!$A$4:$A$403,"<="&(DATE(YEAR('日別サマリー'!$B$2),MONTH('日別サマリー'!$B$2)+1,1)-1),'日次入力'!$C$4:$C$403,$A5) | C5: =SUMIFS('日次入力'!$K$4:$K$403,'日次入力'!$A$4:$A$403,">="&'日別サマリー'!$B$2,'日次入力'!$A$4:$A$403,"<="&(DATE(YEAR('日別サマリー'!$B$2),MONTH('日別サマリー'!$B$2)+1,1)-1),'日次入力'!$C$4:$C$403,$A5) | D5: =SUMIFS('日次入力'!$N$4:$N$403,'日次入力'!$A$4:$A$403,">="&'日別サマリー'!$B$2,'日次入力'!$A$4:$A$403,"<="&(DATE(YEAR('日別サマリー'!$B$2),MONTH('日別サマリー'!$B$2)+1,1)-1),'日次入力'!$C$4:$C$403,$A5) | E5: =IFERROR(B5/C5,0) | F5: =IFERROR(D5/B5,0)
A6: ツヤリス | B6: =SUMIFS('日次入力'!$E$4:$E$403,'日次入力'!$A$4:$A$403,">="&'日別サマリー'!$B$2,'日次入力'!$A$4:$A$403,"<="&(DATE(YEAR('日別サマリー'!$B$2),MONTH('日別サマリー'!$B$2)+1,1)-1),'日次入力'!$C$4:$C$403,$A6) | C6: =SUMIFS('日次入力'!$K$4:$K$403,'日次入力'!$A$4:$A$403,">="&'日別サマリー'!$B$2,'日次入力'!$A$4:$A$403,"<="&(DATE(YEAR('日別サマリー'!$B$2),MONTH('日別サマリー'!$B$2)+1,1)-1),'日次入力'!$C$4:$C$403,$A6) | D6: =SUMIFS('日次入力'!$N$4:$N$403,'日次入力'!$A$4:$A$403,">="&'日別サマリー'!$B$2,'日次入力'!$A$4:$A$403,"<="&(DATE(YEAR('日別サマリー'!$B$2),MONTH('日別サマリー'!$B$2)+1,1)-1),'日次入力'!$C$4:$C$403,$A6) | E6: =IFERROR(B6/C6,0) | F6: =IFERROR(D6/B6,0)
A7: 合計 | B7: =SUM(B3:B6) | C7: =SUM(C3:C6) | D7: =SUM(D3:D6) | E7: =IFERROR(B7/C7,0) | F7: =IFERROR(D7/B7,0)

Sheet 媒体別サマリー
A1: 媒体別サマリー（当月：Amazon / 楽天 / 自社サイト）
A2: 媒体 | B2: 広告費 | C2: 予想獲得数 | D2: 予想売上 | E2: ブレンドCPA | F2: ROAS
A3: Amazon | B3: =SUMIFS('日次入力'!$E$4:$E$403,'日次入力'!$A$4:$A$403,">="&'日別サマリー'!$B$2,'日次入力'!$A$4:$A$403,"<="&(DATE(YEAR('日別サマリー'!$B$2),MONTH('日別サマリー'!$B$2)+1,1)-1),'日次入力'!$D$4:$D$403,$A3) | C3: =SUMIFS('日次入力'!$K$4:$K$403,'日次入力'!$A$4:$A$403,">="&'日別サマリー'!$B$2,'日次入力'!$A$4:$A$403,"<="&(DATE(YEAR('日別サマリー'!$B$2),MONTH('日別サマリー'!$B$2)+1,1)-1),'日次入力'!$D$4:$D$403,$A3) | D3: =SUMIFS('日次入力'!$N$4:$N$403,'日次入力'!$A$4:$A$403,">="&'日別サマリー'!$B$2,'日次入力'!$A$4:$A$403,"<="&(DATE(YEAR('日別サマリー'!$B$2),MONTH('日別サマリー'!$B$2)+1,1)-1),'日次入力'!$D$4:$D$403,$A3) | E3: =IFERROR(B3/C3,0) | F3: =IFERROR(D3/B3,0)
A4: 楽天 | B4: =SUMIFS('日次入力'!$E$4:$E$403,'日次入力'!$A$4:$A$403,">="&'日別サマリー'!$B$2,'日次入力'!$A$4:$A$403,"<="&(DATE(YEAR('日別サマリー'!$B$2),MONTH('日別サマリー'!$B$2)+1,1)-1),'日次入力'!$D$4:$D$403,$A4) | C4: =SUMIFS('日次入力'!$K$4:$K$403,'日次入力'!$A$4:$A$403,">="&'日別サマリー'!$B$2,'日次入力'!$A$4:$A$403,"<="&(DATE(YEAR('日別サマリー'!$B$2),MONTH('日別サマリー'!$B$2)+1,1)-1),'日次入力'!$D$4:$D$403,$A4) | D4: =SUMIFS('日次入力'!$N$4:$N$403,'日次入力'!$A$4:$A$403,">="&'日別サマリー'!$B$2,'日次入力'!$A$4:$A$403,"<="&(DATE(YEAR('日別サマリー'!$B$2),MONTH('日別サマリー'!$B$2)+1,1)-1),'日次入力'!$D$4:$D$403,$A4) | E4: =IFERROR(B4/C4,0) | F4: =IFERROR(D4/B4,0)
A5: 自社サイト | B5: =SUMIFS('日次入力'!$E$4:$E$403,'日次入力'!$A$4:$A$403,">="&'日別サマリー'!$B$2,'日次入力'!$A$4:$A$403,"<="&(DATE(YEAR('日別サマリー'!$B$2),MONTH('日別サマリー'!$B$2)+1,1)-1),'日次入力'!$D$4:$D$403,$A5) | C5: =SUMIFS('日次入力'!$K$4:$K$403,'日次入力'!$A$4:$A$403,">="&'日別サマリー'!$B$2,'日次入力'!$A$4:$A$403,"<="&(DATE(YEAR('日別サマリー'!$B$2),MONTH('日別サマリー'!$B$2)+1,1)-1),'日次入力'!$D$4:$D$403,$A5) | D5: =SUMIFS('日次入力'!$N$4:$N$403,'日次入力'!$A$4:$A$403,">="&'日別サマリー'!$B$2,'日次入力'!$A$4:$A$403,"<="&(DATE(YEAR('日別サマリー'!$B$2),MONTH('日別サマリー'!$B$2)+1,1)-1),'日次入力'!$D$4:$D$403,$A5) | E5: =IFERROR(B5/C5,0) | F5: =IFERROR(D5/B5,0)
A6: 合計 | B6: =SUM(B3:B5) | C6: =SUM(C3:C5) | D6: =SUM(D3:D5) | E6: =IFERROR(B6/C6,0) | F6: =IFERROR(D6/B6,0)

Sheet ダッシュボード
A1: ダッシュボード ── 当月の着地と月商1億/10億
A3: 当月 予想売上（累計） | B3: ='日別サマリー'!$E$36 | C3: 日別サマリーの対象年月に連動
A4: 当月 広告費（累計） | B4: ='日別サマリー'!$B$36
A5: 当月 予想獲得数（累計） | B5: ='日別サマリー'!$D$36
A6: 当月 ROAS | B6: =IFERROR(B3/B4,0) | C6: ＝売上 ÷ 広告費
A7: 当月 ブレンドCPA | B7: =IFERROR(B4/B5,0) | C7: ＝広告費 ÷ 獲得数
A9: ■ 着地見込み（日割りペース）
A10: データが入っている日数 | B10: =COUNTIF('日別サマリー'!$B$5:$B$35,">0") | C10: 広告費が入力された日数
A11: 当月の日数 | B11: =DAY(DATE(YEAR('日別サマリー'!$B$2),MONTH('日別サマリー'!$B$2)+1,1)-1)
A12: 月末 着地見込み | B12: =IFERROR(B3/B10*B11,0) | C12: ＝累計売上 ÷ 経過日数 × 当月日数
A14: ■ 月商目標への距離
A15: 月商1億 達成率（着地見込ベース） | B15: =IFERROR(B12/100000000,0)
A16: 月商10億 達成率（着地見込ベース） | B16: =IFERROR(B12/1000000000,0)
A17: 1億まであと（着地との差） | B17: =100000000-B12

Sheet 使い方
A1: Libetee 日次入力シート 使い方
A3: 【毎日やること】「日次入力」に、その日動いた分だけ行を足す（1行＝日付×商品×媒体）。
A4: 1. 日付を入れる
A5: 2. アカウント・商品・媒体をドロップダウンから選ぶ（表記ゆれ防止＝集計が崩れない）
A6: 3. 青字セル（黄色）を入力：広告費 / CPA / アクセス単価 / 予想転換率 / 客単価
A7: → 予想アクセス数・予想獲得数・予想売上・ROAS が自動で出る
A9: 【計算式（社長指定）】
A10: 予想アクセス数 ＝ 広告費 ÷ アクセス単価
A11: 予想獲得数(CPA基準) ＝ 広告費 ÷ CPA
A12: 予想獲得数(アクセス基準) ＝ 予想アクセス数 × 予想転換率
A13: 整合差異 ＝ 2つの獲得数の差（大きくズレたら CPA か 転換率の前提を見直す合図）
A14: 予想売上 ＝ 予想獲得数(CPA基準) × 客単価 ／ ROAS ＝ 予想売上 ÷ 広告費
... A23: 色：青字＝入力 / 黒字＝自動計算 / 緑字＝他シート参照。数値はサンプルです。
