Workbook

Sheet 日次データ
A1: 楽天 日次データ（2025/07〜2026/07・391日・実績）
A3: 日付 | B3: 曜日 | C3: イベント | D3: 売上金額 | E3: 売上件数 | F3: アクセス | G3: 転換率 | H3: 客単価
A4: 45839 | B4: 火 | C4: ワンダフルデー | D4: 1313728 | E4: 215 | F4: 14565 | G4: 0.0148 | H4: 6110
A5: 45840 | B5: 水 | C5: 平常日 | D5: 1070304 | E5: 171 | F5: 14362 | G5: 0.0119 | H5: 6259
A6: 45841 | B6: 木 | C6: 平常日 | D6: 731595 | E6: 112 | F6: 12014 | G6: 0.0093 | H6: 6532
A7: 45842 | B7: 金 | C7: お買い物マラソン(推定) | D7: 862029 | E7: 109 | F7: 9718 | G7: 0.0112 | H7: 7909
A8: 45843 | B8: 土 | C8: お買い物マラソン(推定) | D8: 2668411 | E8: 227 | F8: 8538 | G8: 0.0266 | H8: 11755
A9: 45844 | B9: 日 | C9: お買い物マラソン(推定) | D9: 1743205 | E9: 192 | F9: 10158 | G9: 0.0189 | H9: 9079
A10: 45845 | B10: 月 | C10: お買い物マラソン(推定) | D10: 1092182 | E10: 135 | F10: 9216 | G10: 0.0146 | H10: 8090
A11: 45846 | B11: 火 | C11: お買い物マラソン(推定) | D11: 879211 | E11: 105 | F11: 8496 | G11: 0.0124 | H11: 8373
A12: 45847 | B12: 水 | C12: お買い物マラソン(推定) | D12: 631398 | E12: 76 | F12: 7791 | G12: 0.0098 | H12: 8308
A13: 45848 | B13: 木 | C13: お買い物マラソン(推定) | D13: 1717517 | E13: 132 | F13: 7892 | G13: 0.0167 | H13: 13011
A14: 45849 | B14: 金 | C14: お買い物マラソン(推定) | D14: 476237 | E14: 68 | F14: 7788 | G14: 0.0087 | H14: 7003
A15: 45850 | B15: 土 | C15: 平常日 | D15: 581819 | E15: 49 | F15: 9043 | G15: 0.0054 | H15: 11874
... A394: 46229 | B394: 日 | C394: 平常日 | D394: 2230822 | E394: 261 | F394: 46371 | G394: 0.0056 | H394: 8547

Sheet イベント別統計
A1: イベント別 売上統計（平常日=1.00・13か月実績）
A2: 「どのイベントで売上が高くなるか」の答え。倍率・構成比とも実測。
A3: イベント | B3: 日数 | C3: 日平均売上 | D3: リフト倍率 | E3: 平均客単価 | F3: 平均転換率 | G3: 平均アクセス | H3: 売上構成比
A4: スーパーSALE | B4: =COUNTIF('日次データ'!$C$4:$C$394,$A4) | C4: =IFERROR(AVERAGEIFS('日次データ'!$D$4:$D$394,'日次データ'!$C$4:$C$394,$A4),0) | D4: =IFERROR(C4/$C$8,0) | E4: =IFERROR(AVERAGEIFS('日次データ'!$H$4:$H$394,'日次データ'!$C$4:$C$394,$A4),0) | F4: =IFERROR(AVERAGEIFS('日次データ'!$G$4:$G$394,'日次データ'!$C$4:$C$394,$A4),0) | G4: =IFERROR(AVERAGEIFS('日次データ'!$F$4:$F$394,'日次データ'!$C$4:$C$394,$A4),0) | H4: =IFERROR(SUMIFS('日次データ'!$D$4:$D$394,'日次データ'!$C$4:$C$394,$A4)/SUM('日次データ'!$D$4:$D$394),0)
A5: 5と0のつく日 | B5: =COUNTIF('日次データ'!$C$4:$C$394,$A5) | C5: =IFERROR(AVERAGEIFS('日次データ'!$D$4:$D$394,'日次データ'!$C$4:$C$394,$A5),0) | D5: =IFERROR(C5/$C$8,0) | E5: =IFERROR(AVERAGEIFS('日次データ'!$H$4:$H$394,'日次データ'!$C$4:$C$394,$A5),0) | F5: =IFERROR(AVERAGEIFS('日次データ'!$G$4:$G$394,'日次データ'!$C$4:$C$394,$A5),0) | G5: =IFERROR(AVERAGEIFS('日次データ'!$F$4:$F$394,'日次データ'!$C$4:$C$394,$A5),0) | H5: =IFERROR(SUMIFS('日次データ'!$D$4:$D$394,'日次データ'!$C$4:$C$394,$A5)/SUM('日次データ'!$D$4:$D$394),0)
A6: ワンダフルデー | B6: =COUNTIF('日次データ'!$C$4:$C$394,$A6) | C6: =IFERROR(AVERAGEIFS('日次データ'!$D$4:$D$394,'日次データ'!$C$4:$C$394,$A6),0) | D6: =IFERROR(C6/$C$8,0) | E6: =IFERROR(AVERAGEIFS('日次データ'!$H$4:$H$394,'日次データ'!$C$4:$C$394,$A6),0) | F6: =IFERROR(AVERAGEIFS('日次データ'!$G$4:$G$394,'日次データ'!$C$4:$C$394,$A6),0) | G6: =IFERROR(AVERAGEIFS('日次データ'!$F$4:$F$394,'日次データ'!$C$4:$C$394,$A6),0) | H6: =IFERROR(SUMIFS('日次データ'!$D$4:$D$394,'日次データ'!$C$4:$C$394,$A6)/SUM('日次データ'!$D$4:$D$394),0)
A7: お買い物マラソン(推定) | B7: =COUNTIF('日次データ'!$C$4:$C$394,$A7) | C7: =IFERROR(AVERAGEIFS('日次データ'!$D$4:$D$394,'日次データ'!$C$4:$C$394,$A7),0) | D7: =IFERROR(C7/$C$8,0) | E7: =IFERROR(AVERAGEIFS('日次データ'!$H$4:$H$394,'日次データ'!$C$4:$C$394,$A7),0) | F7: =IFERROR(AVERAGEIFS('日次データ'!$G$4:$G$394,'日次データ'!$C$4:$C$394,$A7),0) | G7: =IFERROR(AVERAGEIFS('日次データ'!$F$4:$F$394,'日次データ'!$C$4:$C$394,$A7),0) | H7: =IFERROR(SUMIFS('日次データ'!$D$4:$D$394,'日次データ'!$C$4:$C$394,$A7)/SUM('日次データ'!$D$4:$D$394),0)
A8: 平常日 | B8: =COUNTIF('日次データ'!$C$4:$C$394,$A8) | C8: =IFERROR(AVERAGEIFS('日次データ'!$D$4:$D$394,'日次データ'!$C$4:$C$394,$A8),0) | D8: =IFERROR(C8/$C$8,0) | E8: =IFERROR(AVERAGEIFS('日次データ'!$H$4:$H$394,'日次データ'!$C$4:$C$394,$A8),0) | F8: =IFERROR(AVERAGEIFS('日次データ'!$G$4:$G$394,'日次データ'!$C$4:$C$394,$A8),0) | G8: =IFERROR(AVERAGEIFS('日次データ'!$F$4:$F$394,'日次データ'!$C$4:$C$394,$A8),0) | H8: =IFERROR(SUMIFS('日次データ'!$D$4:$D$394,'日次データ'!$C$4:$C$394,$A8)/SUM('日次データ'!$D$4:$D$394),0)
A10: ※ お買い物マラソンは開催日程が毎回変わるため、非SALE月の4〜11日を『推定マラソン期間』として集計。
A11: 正確なマラソン日程をいただければ、その期間で再集計して精度を上げます。
A12: ※ イベント日は全391日中167日(43%)だが、売上の58.8%を生む。イベント日の最大化が月商の鍵。

Sheet 月商推移
A1: 月商推移（13か月）
A2: 月 | B2: 月商 | C2: 日数 | D2: 日平均
A3: 2025-07 | B3: =SUMIFS('日次データ'!$D$4:$D$394,'日次データ'!$A$4:$A$394,">="&DATE(2025,7,1),'日次データ'!$A$4:$A$394,"<="&DATE(2025,7,31)) | C3: =COUNTIFS('日次データ'!$A$4:$A$394,">="&DATE(2025,7,1),'日次データ'!$A$4:$A$394,"<="&DATE(2025,7,31)) | D3: =IFERROR(B3/C3,0)
A4: 2025-08 | B4: =SUMIFS('日次データ'!$D$4:$D$394,'日次データ'!$A$4:$A$394,">="&DATE(2025,8,1),'日次データ'!$A$4:$A$394,"<="&DATE(2025,8,31)) | C4: =COUNTIFS('日次データ'!$A$4:$A$394,">="&DATE(2025,8,1),'日次データ'!$A$4:$A$394,"<="&DATE(2025,8,31)) | D4: =IFERROR(B4/C4,0)
A5: 2025-09 | B5: =SUMIFS('日次データ'!$D$4:$D$394,'日次データ'!$A$4:$A$394,">="&DATE(2025,9,1),'日次データ'!$A$4:$A$394,"<="&DATE(2025,9,30)) | C5: =COUNTIFS('日次データ'!$A$4:$A$394,">="&DATE(2025,9,1),'日次データ'!$A$4:$A$394,"<="&DATE(2025,9,30)) | D5: =IFERROR(B5/C5,0)
A6: 2025-10 | B6: =SUMIFS('日次データ'!$D$4:$D$394,'日次データ'!$A$4:$A$394,">="&DATE(2025,10,1),'日次データ'!$A$4:$A$394,"<="&DATE(2025,10,31)) | C6: =COUNTIFS('日次データ'!$A$4:$A$394,">="&DATE(2025,10,1),'日次データ'!$A$4:$A$394,"<="&DATE(2025,10,31)) | D6: =IFERROR(B6/C6,0)
A7: 2025-11 | B7: =SUMIFS('日次データ'!$D$4:$D$394,'日次データ'!$A$4:$A$394,">="&DATE(2025,11,1),'日次データ'!$A$4:$A$394,"<="&DATE(2025,11,30)) | C7: =COUNTIFS('日次データ'!$A$4:$A$394,">="&DATE(2025,11,1),'日次データ'!$A$4:$A$394,"<="&DATE(2025,11,30)) | D7: =IFERROR(B7/C7,0)
A8: 2025-12 | B8: =SUMIFS('日次データ'!$D$4:$D$394,'日次データ'!$A$4:$A$394,">="&DATE(2025,12,1),'日次データ'!$A$4:$A$394,"<="&DATE(2025,12,31)) | C8: =COUNTIFS('日次データ'!$A$4:$A$394,">="&DATE(2025,12,1),'日次データ'!$A$4:$A$394,"<="&DATE(2025,12,31)) | D8: =IFERROR(B8/C8,0)
A9: 2026-01 | B9: =SUMIFS('日次データ'!$D$4:$D$394,'日次データ'!$A$4:$A$394,">="&DATE(2026,1,1),'日次データ'!$A$4:$A$394,"<="&DATE(2026,1,31)) | C9: =COUNTIFS('日次データ'!$A$4:$A$394,">="&DATE(2026,1,1),'日次データ'!$A$4:$A$394,"<="&DATE(2026,1,31)) | D9: =IFERROR(B9/C9,0)
A10: 2026-02 | B10: =SUMIFS('日次データ'!$D$4:$D$394,'日次データ'!$A$4:$A$394,">="&DATE(2026,2,1),'日次データ'!$A$4:$A$394,"<="&DATE(2026,2,28)) | C10: =COUNTIFS('日次データ'!$A$4:$A$394,">="&DATE(2026,2,1),'日次データ'!$A$4:$A$394,"<="&DATE(2026,2,28)) | D10: =IFERROR(B10/C10,0)
A11: 2026-03 | B11: =SUMIFS('日次データ'!$D$4:$D$394,'日次データ'!$A$4:$A$394,">="&DATE(2026,3,1),'日次データ'!$A$4:$A$394,"<="&DATE(2026,3,31)) | C11: =COUNTIFS('日次データ'!$A$4:$A$394,">="&DATE(2026,3,1),'日次データ'!$A$4:$A$394,"<="&DATE(2026,3,31)) | D11: =IFERROR(B11/C11,0)
A12: 2026-04 | B12: =SUMIFS('日次データ'!$D$4:$D$394,'日次データ'!$A$4:$A$394,">="&DATE(2026,4,1),'日次データ'!$A$4:$A$394,"<="&DATE(2026,4,30)) | C12: =COUNTIFS('日次データ'!$A$4:$A$394,">="&DATE(2026,4,1),'日次データ'!$A$4:$A$394,"<="&DATE(2026,4,30)) | D12: =IFERROR(B12/C12,0)
A13: 2026-05 | B13: =SUMIFS('日次データ'!$D$4:$D$394,'日次データ'!$A$4:$A$394,">="&DATE(2026,5,1),'日次データ'!$A$4:$A$394,"<="&DATE(2026,5,31)) | C13: =COUNTIFS('日次データ'!$A$4:$A$394,">="&DATE(2026,5,1),'日次データ'!$A$4:$A$394,"<="&DATE(2026,5,31)) | D13: =IFERROR(B13/C13,0)
A14: 2026-06 | B14: =SUMIFS('日次データ'!$D$4:$D$394,'日次データ'!$A$4:$A$394,">="&DATE(2026,6,1),'日次データ'!$A$4:$A$394,"<="&DATE(2026,6,30)) | C14: =COUNTIFS('日次データ'!$A$4:$A$394,">="&DATE(2026,6,1),'日次データ'!$A$4:$A$394,"<="&DATE(2026,6,30)) | D14: =IFERROR(B14/C14,0)
A15: 2026-07 | B15: =SUMIFS('日次データ'!$D$4:$D$394,'日次データ'!$A$4:$A$394,">="&DATE(2026,7,1),'日次データ'!$A$4:$A$394,"<="&DATE(2026,7,31)) | C15: =COUNTIFS('日次データ'!$A$4:$A$394,">="&DATE(2026,7,1),'日次データ'!$A$4:$A$394,"<="&DATE(2026,7,31)) | D15: =IFERROR(B15/C15,0)
A16: ※2026/07は26日時点（月途中）

Sheet 売上TOP20日
A1: 売上TOP20日
A2: 順位 | B2: 日付 | C2: イベント | D2: 売上 | E2: 客単価
A3: 1 | B3: 46183 | C3: スーパーSALE | D3: 5141928 | E3: 30247
A4: 2 | B4: 46208 | C4: お買い物マラソン(推定) | D4: 4449984 | E4: 22030
A5: 3 | B5: 46117 | C5: お買い物マラソン(推定) | D5: 4252900 | E5: 30378
A6: 4 | B6: 46228 | C6: 5と0のつく日 | D6: 4184608 | E6: 10011
A7: 5 | B7: 46213 | C7: お買い物マラソン(推定) | D7: 3747378 | E7: 16804
A8: 6 | B8: 46223 | C8: 5と0のつく日 | D8: 3537200 | E8: 9382
A9: 7 | B9: 46086 | C9: スーパーSALE | D9: 3323780 | E9: 31655
A10: 8 | B10: 45905 | C10: スーパーSALE | D10: 3193777 | E10: 29848
A11: 9 | B11: 46178 | C11: スーパーSALE | D11: 3101460 | E11: 31015
A12: 10 | B12: 46152 | C12: お買い物マラソン(推定) | D12: 2968216 | E12: 29982
A13: 11 | B13: 45894 | C13: 5と0のつく日 | D13: 2767473 | E13: 27675
A14: 12 | B14: 46091 | C14: スーパーSALE | D14: 2704160 | E14: 28768
... A22: 20 | B22: 46180 | C22: スーパーSALE | D22: 2185660 | E22: 31676

Sheet 読み方
A1: 楽天イベント別 売上統計（2025/07〜2026/07・13か月）
A3: 【結論：どのイベントで売上が高くなるか】平常日=1.00に対し
A4: 1. スーパーSALE ×2.40（年4回・3/6/9/12月の4〜11日）
A5: 2. 5と0のつく日 ×2.06（毎月15/20/25/30日 ほか）
A6: 3. ワンダフルデー ×1.68（毎月1日）
A7: 4. お買い物マラソン(推定)×1.64（非SALE月の4〜11日）
A9: 【売上構成】イベント日は日数では43%だが、売上の58.8%を生む。
A10: → 平常日の底上げより、イベント日への広告集中の方が効率が高い。
A12: 【客単価の傾向】スーパーSALEは客単価も最高(¥28,943)。高単価商品はSALEに寄せると効く。
A13: 【月商推移】2025秋に一時1,400万台へ落ちたが、2026は完全復活。2026/07は26日で4,392万と過去最高ペース。
A15: ※ お買い物マラソンは日程が毎回変動。ここでは非SALE月の4〜11日で推定。正確な日程があれば再集計で精度向上。
A16: ※ 数値はすべて楽天RMSの実データ。イベント別統計シートは日次データからライブ集計。
