Workbook

Sheet 入力＆予想
A1: Libetee 広告費 → 売上予想シート（メタ広告アカウント × 媒体）
A2: 青字＝入力セル（黄色網掛け）。数値はサンプルです。実績・目標値に置き換えると、右側と各サマリーが自動計算されます。
A3: アカウント | B3: 商品/ブランド | C3: 媒体 | D3: 広告費 | E3: CPA (獲得単価) | F3: アクセス単価 | G3: 予想 転換率 | H3: 客単価 | I3: 予想 アクセス数 | J3: 予想獲得数 (CPA基準) | K3: 予想獲得数 (ｱｸｾｽ×CVR) | L3: 整合差異 | M3: 予想売上 | N3: ROAS
A4: メタアカウント | B4: スーツケース（トラベル） | C4: Amazon | D4: 300000 | E4: 6000 | F4: 60 | G4: 0.01 | H4: 15000 | I4: =IFERROR(D4/F4,0) | J4: =IFERROR(D4/E4,0) | K4: =I4*G4 | L4: =J4-K4 | M4: =J4*H4 | N4: =IFERROR(M4/D4,0)
A5: メタアカウント | B5: スーツケース（トラベル） | C5: 楽天 | D5: 250000 | E5: 8000 | F5: 70 | G5: 0.006 | H5: 15000 | I5: =IFERROR(D5/F5,0) | J5: =IFERROR(D5/E5,0) | K5: =I5*G5 | L5: =J5-K5 | M5: =J5*H5 | N5: =IFERROR(M5/D5,0)
A6: メタアカウント | B6: スーツケース（トラベル） | C6: 自社サイト | D6: 150000 | E6: 7000 | F6: 55 | G6: 0.012 | H6: 16000 | I6: =IFERROR(D6/F6,0) | J6: =IFERROR(D6/E6,0) | K6: =I6*G6 | L6: =J6-K6 | M6: =J6*H6 | N6: =IFERROR(M6/D6,0)
A7: メタアカウント | B7: スーツケース（カタログ） | C7: Amazon | D7: 200000 | E7: 6500 | F7: 65 | G7: 0.009 | H7: 14000 | I7: =IFERROR(D7/F7,0) | J7: =IFERROR(D7/E7,0) | K7: =I7*G7 | L7: =J7-K7 | M7: =J7*H7 | N7: =IFERROR(M7/D7,0)
A8: メタアカウント | B8: スーツケース（カタログ） | C8: 楽天 | D8: 180000 | E8: 8500 | F8: 75 | G8: 0.005 | H8: 14000 | I8: =IFERROR(D8/F8,0) | J8: =IFERROR(D8/E8,0) | K8: =I8*G8 | L8: =J8-K8 | M8: =J8*H8 | N8: =IFERROR(M8/D8,0)
A9: メタアカウント | B9: スーツケース（カタログ） | C9: 自社サイト | D9: 120000 | E9: 7200 | F9: 58 | G9: 0.011 | H9: 15000 | I9: =IFERROR(D9/F9,0) | J9: =IFERROR(D9/E9,0) | K9: =I9*G9 | L9: =J9-K9 | M9: =J9*H9 | N9: =IFERROR(M9/D9,0)
A10: ハンディファンアカウント | B10: ガジェティ | C10: Amazon | D10: 180000 | E10: 1500 | F10: 40 | G10: 0.02 | H10: 3200 | I10: =IFERROR(D10/F10,0) | J10: =IFERROR(D10/E10,0) | K10: =I10*G10 | L10: =J10-K10 | M10: =J10*H10 | N10: =IFERROR(M10/D10,0)
A11: ハンディファンアカウント | B11: ガジェティ | C11: 楽天 | D11: 150000 | E11: 1800 | F11: 45 | G11: 0.015 | H11: 3200 | I11: =IFERROR(D11/F11,0) | J11: =IFERROR(D11/E11,0) | K11: =I11*G11 | L11: =J11-K11 | M11: =J11*H11 | N11: =IFERROR(M11/D11,0)
A12: ハンディファンアカウント | B12: ガジェティ | C12: 自社サイト | D12: 90000 | E12: 1600 | F12: 38 | G12: 0.022 | H12: 3500 | I12: =IFERROR(D12/F12,0) | J12: =IFERROR(D12/E12,0) | K12: =I12*G12 | L12: =J12-K12 | M12: =J12*H12 | N12: =IFERROR(M12/D12,0)
A13: ツヤリスアカウント | B13: ツヤリス | C13: Amazon | D13: 160000 | E13: 2200 | F13: 45 | G13: 0.018 | H13: 4200 | I13: =IFERROR(D13/F13,0) | J13: =IFERROR(D13/E13,0) | K13: =I13*G13 | L13: =J13-K13 | M13: =J13*H13 | N13: =IFERROR(M13/D13,0)
A14: ツヤリスアカウント | B14: ツヤリス | C14: 楽天 | D14: 140000 | E14: 2600 | F14: 50 | G14: 0.012 | H14: 4200 | I14: =IFERROR(D14/F14,0) | J14: =IFERROR(D14/E14,0) | K14: =I14*G14 | L14: =J14-K14 | M14: =J14*H14 | N14: =IFERROR(M14/D14,0)
A15: ツヤリスアカウント | B15: ツヤリス | C15: 自社サイト | D15: 100000 | E15: 2400 | F15: 42 | G15: 0.02 | H15: 4500 | I15: =IFERROR(D15/F15,0) | J15: =IFERROR(D15/E15,0) | K15: =I15*G15 | L15: =J15-K15 | M15: =J15*H15 | N15: =IFERROR(M15/D15,0)
A16: 合計 | D16: =SUM(D4:D15) | I16: =SUM(I4:I15) | J16: =SUM(J4:J15) | K16: =SUM(K4:K15) | M16: =SUM(M4:M15) | N16: =IFERROR(M16/D16,0)

Sheet 商品別サマリー
A1: 商品別サマリー（メイン入力から自動集計）
A2: 商品/ブランド | B2: 広告費 | C2: 予想アクセス数 | D2: 予想獲得数 | E2: 予想売上 | F2: ブレンドCPA | G2: ROAS | H2: 売上構成比
A3: スーツケース（トラベル） | B3: =SUMIFS('入力＆予想'!D4:D15,'入力＆予想'!$B$4:$B$15,$A3) | C3: =SUMIFS('入力＆予想'!I4:I15,'入力＆予想'!$B$4:$B$15,$A3) | D3: =SUMIFS('入力＆予想'!J4:J15,'入力＆予想'!$B$4:$B$15,$A3) | E3: =SUMIFS('入力＆予想'!M4:M15,'入力＆予想'!$B$4:$B$15,$A3) | F3: =IFERROR(B3/D3,0) | G3: =IFERROR(E3/B3,0) | H3: =IFERROR(E3/E$7,0)
A4: スーツケース（カタログ） | B4: =SUMIFS('入力＆予想'!D4:D15,'入力＆予想'!$B$4:$B$15,$A4) | C4: =SUMIFS('入力＆予想'!I4:I15,'入力＆予想'!$B$4:$B$15,$A4) | D4: =SUMIFS('入力＆予想'!J4:J15,'入力＆予想'!$B$4:$B$15,$A4) | E4: =SUMIFS('入力＆予想'!M4:M15,'入力＆予想'!$B$4:$B$15,$A4) | F4: =IFERROR(B4/D4,0) | G4: =IFERROR(E4/B4,0) | H4: =IFERROR(E4/E$7,0)
A5: ガジェティ | B5: =SUMIFS('入力＆予想'!D4:D15,'入力＆予想'!$B$4:$B$15,$A5) | C5: =SUMIFS('入力＆予想'!I4:I15,'入力＆予想'!$B$4:$B$15,$A5) | D5: =SUMIFS('入力＆予想'!J4:J15,'入力＆予想'!$B$4:$B$15,$A5) | E5: =SUMIFS('入力＆予想'!M4:M15,'入力＆予想'!$B$4:$B$15,$A5) | F5: =IFERROR(B5/D5,0) | G5: =IFERROR(E5/B5,0) | H5: =IFERROR(E5/E$7,0)
A6: ツヤリス | B6: =SUMIFS('入力＆予想'!D4:D15,'入力＆予想'!$B$4:$B$15,$A6) | C6: =SUMIFS('入力＆予想'!I4:I15,'入力＆予想'!$B$4:$B$15,$A6) | D6: =SUMIFS('入力＆予想'!J4:J15,'入力＆予想'!$B$4:$B$15,$A6) | E6: =SUMIFS('入力＆予想'!M4:M15,'入力＆予想'!$B$4:$B$15,$A6) | F6: =IFERROR(B6/D6,0) | G6: =IFERROR(E6/B6,0) | H6: =IFERROR(E6/E$7,0)
A7: 合計 | B7: =SUM(B3:B6) | C7: =SUM(C3:C6) | D7: =SUM(D3:D6) | E7: =SUM(E3:E6) | F7: =IFERROR(B7/D7,0) | G7: =IFERROR(E7/B7,0) | H7: 1

Sheet 媒体別サマリー
A1: 媒体別サマリー（振り分け媒体：Amazon / 楽天 / 自社サイト）
A2: 媒体 | B2: 広告費 | C2: 予想アクセス数 | D2: 予想獲得数 | E2: 予想売上 | F2: ROAS | G2: 売上構成比
A3: Amazon | B3: =SUMIFS('入力＆予想'!D4:D15,'入力＆予想'!$C$4:$C$15,$A3) | C3: =SUMIFS('入力＆予想'!I4:I15,'入力＆予想'!$C$4:$C$15,$A3) | D3: =SUMIFS('入力＆予想'!J4:J15,'入力＆予想'!$C$4:$C$15,$A3) | E3: =SUMIFS('入力＆予想'!M4:M15,'入力＆予想'!$C$4:$C$15,$A3) | F3: =IFERROR(E3/B3,0) | G3: =IFERROR(E3/E$6,0)
A4: 楽天 | B4: =SUMIFS('入力＆予想'!D4:D15,'入力＆予想'!$C$4:$C$15,$A4) | C4: =SUMIFS('入力＆予想'!I4:I15,'入力＆予想'!$C$4:$C$15,$A4) | D4: =SUMIFS('入力＆予想'!J4:J15,'入力＆予想'!$C$4:$C$15,$A4) | E4: =SUMIFS('入力＆予想'!M4:M15,'入力＆予想'!$C$4:$C$15,$A4) | F4: =IFERROR(E4/B4,0) | G4: =IFERROR(E4/E$6,0)
A5: 自社サイト | B5: =SUMIFS('入力＆予想'!D4:D15,'入力＆予想'!$C$4:$C$15,$A5) | C5: =SUMIFS('入力＆予想'!I4:I15,'入力＆予想'!$C$4:$C$15,$A5) | D5: =SUMIFS('入力＆予想'!J4:J15,'入力＆予想'!$C$4:$C$15,$A5) | E5: =SUMIFS('入力＆予想'!M4:M15,'入力＆予想'!$C$4:$C$15,$A5) | F5: =IFERROR(E5/B5,0) | G5: =IFERROR(E5/E$6,0)
A6: 合計 | B6: =SUM(B3:B5) | C6: =SUM(C3:C5) | D6: =SUM(D3:D5) | E6: =SUM(E3:E5) | F6: =IFERROR(E6/B6,0) | G6: 1

Sheet ダッシュボード
A1: ダッシュボード ── 月商1億 / 10億への距離
A3: 予想売上（この予想の合計） | B3: ='入力＆予想'!M16
A4: 広告費（合計） | B4: ='入力＆予想'!D16
A5: 予想獲得数（合計） | B5: ='入力＆予想'!J16
A6: 全体ROAS | B6: =IFERROR(B3/B4,0) | C6: ＝予想売上 ÷ 広告費
A7: 全体ブレンドCPA | B7: =IFERROR(B4/B5,0) | C7: ＝広告費 ÷ 獲得数
A9: ■ 月商換算と目標対比
A10: この予想の対象日数（入力） | B10: 1 | C10: 日次予想なら1、週次なら7 など
A11: 月商換算（30日ベース） | B11: =IFERROR(B3/B10*30,0) | C11: ＝予想売上 ÷ 対象日数 × 30
A12: 月商1億まで（達成率） | B12: =IFERROR(B11/100000000,0)
A13: 月商10億まで（達成率） | B13: =IFERROR(B11/1000000000,0)

Sheet 使い方
A1: Libetee 広告費→予想シート 使い方
A3: 【毎回やること】メインシート「入力＆予想」の青字セル（黄色網掛け）だけを埋める。
A4: ・広告費 … その媒体・その商品に投下する広告費
A5: ・CPA（獲得単価）… 1件獲得あたりの広告費（実績 or 目標）
A6: ・アクセス単価 … 1アクセスあたりの広告費（クリック単価に相当）
A7: ・予想転換率 … アクセスのうち購入に至る割合（%）
A8: ・客単価 … 1件あたりの平均売上
A10: 【自動で出る数字（社長指定の計算式）】
A11: ・予想アクセス数 ＝ 広告費 ÷ アクセス単価
A12: ・予想獲得数(CPA基準) ＝ 広告費 ÷ CPA
A13: ・予想獲得数(アクセス基準) ＝ 予想アクセス数 × 予想転換率
A14: ・整合差異 ＝ 上の2つの獲得数の差（大きくズレたら CPA か 転換率の前提を見直す合図）
... A24: ※ 初期の数値はサンプルです。実績・目標に置き換えてお使いください。
