Workbook

Sheet 日次データ
A1: 楽天 日次データ（2025年7〜11月・実績）
A3: 日付 | B3: 曜日 | C3: イベント種別 | D3: 売上金額 | E3: 売上件数 | F3: アクセス人数 | G3: 転換率 | H3: 客単価
A4: 45839 | B4: 火 | C4: ワンダフルデー | D4: 1313728 | E4: 215 | F4: 14565 | G4: 1.48 | H4: 6110
A5: 45840 | B5: 水 | C5: 平常 | D5: 1070304 | E5: 171 | F5: 14362 | G5: 1.19 | H5: 6259
A6: 45841 | B6: 木 | C6: 平常 | D6: 731595 | E6: 112 | F6: 12014 | G6: 0.93 | H6: 6532
A7: 45842 | B7: 金 | C7: 平常 | D7: 862029 | E7: 109 | F7: 9718 | G7: 1.12 | H7: 7909
A8: 45843 | B8: 土 | C8: 5と0のつく日 | D8: 2668411 | E8: 227 | F8: 8538 | G8: 2.66 | H8: 11755
A9: 45844 | B9: 日 | C9: 平常 | D9: 1743205 | E9: 192 | F9: 10158 | G9: 1.89 | H9: 9079
A10: 45845 | B10: 月 | C10: 平常 | D10: 1092182 | E10: 135 | F10: 9216 | G10: 1.46 | H10: 8090
A11: 45846 | B11: 火 | C11: 平常 | D11: 879211 | E11: 105 | F11: 8496 | G11: 1.24 | H11: 8373
A12: 45847 | B12: 水 | C12: 平常 | D12: 631398 | E12: 76 | F12: 7791 | G12: 0.98 | H12: 8308
A13: 45848 | B13: 木 | C13: 5と0のつく日 | D13: 1717517 | E13: 132 | F13: 7892 | G13: 1.67 | H13: 13011
A14: 45849 | B14: 金 | C14: 平常 | D14: 476237 | E14: 68 | F14: 7788 | G14: 0.87 | H14: 7003
A15: 45850 | B15: 土 | C15: 平常 | D15: 581819 | E15: 49 | F15: 9043 | G15: 0.54 | H15: 11874
... A156: 45991 | B156: 日 | C156: 5と0のつく日 | D156: 673272 | E156: 25 | F156: 3674 | G156: 0.68 | H156: 26931

Sheet 月次トレンド
A1: 月次トレンド（楽天・実績）
A2: 月 | B2: 月商 | C2: 日数 | D2: 日平均 | E2: 件数 | F2: 客単価 | G2: 総アクセス | H2: 前月比
A3: 2025-07 | B3: =SUMIFS('日次データ'!$D$4:$D$156,'日次データ'!$A$4:$A$156,">="&DATE(2025,7,1),'日次データ'!$A$4:$A$156,"<="&DATE(2025,7,31)) | C3: =COUNTIFS('日次データ'!$A$4:$A$156,">="&DATE(2025,7,1),'日次データ'!$A$4:$A$156,"<="&DATE(2025,7,31)) | D3: =IFERROR(B3/C3,0) | E3: =SUMIFS('日次データ'!$E$4:$E$156,'日次データ'!$A$4:$A$156,">="&DATE(2025,7,1),'日次データ'!$A$4:$A$156,"<="&DATE(2025,7,31)) | F3: =IFERROR(B3/E3,0) | G3: =SUMIFS('日次データ'!$F$4:$F$156,'日次データ'!$A$4:$A$156,">="&DATE(2025,7,1),'日次データ'!$A$4:$A$156,"<="&DATE(2025,7,31)) | H3: ="—"
A4: 2025-08 | B4: =SUMIFS('日次データ'!$D$4:$D$156,'日次データ'!$A$4:$A$156,">="&DATE(2025,8,1),'日次データ'!$A$4:$A$156,"<="&DATE(2025,8,31)) | C4: =COUNTIFS('日次データ'!$A$4:$A$156,">="&DATE(2025,8,1),'日次データ'!$A$4:$A$156,"<="&DATE(2025,8,31)) | D4: =IFERROR(B4/C4,0) | E4: =SUMIFS('日次データ'!$E$4:$E$156,'日次データ'!$A$4:$A$156,">="&DATE(2025,8,1),'日次データ'!$A$4:$A$156,"<="&DATE(2025,8,31)) | F4: =IFERROR(B4/E4,0) | G4: =SUMIFS('日次データ'!$F$4:$F$156,'日次データ'!$A$4:$A$156,">="&DATE(2025,8,1),'日次データ'!$A$4:$A$156,"<="&DATE(2025,8,31)) | H4: =IFERROR(B4/B3-1,0)
A5: 2025-09 | B5: =SUMIFS('日次データ'!$D$4:$D$156,'日次データ'!$A$4:$A$156,">="&DATE(2025,9,1),'日次データ'!$A$4:$A$156,"<="&DATE(2025,9,30)) | C5: =COUNTIFS('日次データ'!$A$4:$A$156,">="&DATE(2025,9,1),'日次データ'!$A$4:$A$156,"<="&DATE(2025,9,30)) | D5: =IFERROR(B5/C5,0) | E5: =SUMIFS('日次データ'!$E$4:$E$156,'日次データ'!$A$4:$A$156,">="&DATE(2025,9,1),'日次データ'!$A$4:$A$156,"<="&DATE(2025,9,30)) | F5: =IFERROR(B5/E5,0) | G5: =SUMIFS('日次データ'!$F$4:$F$156,'日次データ'!$A$4:$A$156,">="&DATE(2025,9,1),'日次データ'!$A$4:$A$156,"<="&DATE(2025,9,30)) | H5: =IFERROR(B5/B4-1,0)
A6: 2025-10 | B6: =SUMIFS('日次データ'!$D$4:$D$156,'日次データ'!$A$4:$A$156,">="&DATE(2025,10,1),'日次データ'!$A$4:$A$156,"<="&DATE(2025,10,31)) | C6: =COUNTIFS('日次データ'!$A$4:$A$156,">="&DATE(2025,10,1),'日次データ'!$A$4:$A$156,"<="&DATE(2025,10,31)) | D6: =IFERROR(B6/C6,0) | E6: =SUMIFS('日次データ'!$E$4:$E$156,'日次データ'!$A$4:$A$156,">="&DATE(2025,10,1),'日次データ'!$A$4:$A$156,"<="&DATE(2025,10,31)) | F6: =IFERROR(B6/E6,0) | G6: =SUMIFS('日次データ'!$F$4:$F$156,'日次データ'!$A$4:$A$156,">="&DATE(2025,10,1),'日次データ'!$A$4:$A$156,"<="&DATE(2025,10,31)) | H6: =IFERROR(B6/B5-1,0)
A7: 2025-11 | B7: =SUMIFS('日次データ'!$D$4:$D$156,'日次データ'!$A$4:$A$156,">="&DATE(2025,11,1),'日次データ'!$A$4:$A$156,"<="&DATE(2025,11,30)) | C7: =COUNTIFS('日次データ'!$A$4:$A$156,">="&DATE(2025,11,1),'日次データ'!$A$4:$A$156,"<="&DATE(2025,11,30)) | D7: =IFERROR(B7/C7,0) | E7: =SUMIFS('日次データ'!$E$4:$E$156,'日次データ'!$A$4:$A$156,">="&DATE(2025,11,1),'日次データ'!$A$4:$A$156,"<="&DATE(2025,11,30)) | F7: =IFERROR(B7/E7,0) | G7: =SUMIFS('日次データ'!$F$4:$F$156,'日次データ'!$A$4:$A$156,">="&DATE(2025,11,1),'日次データ'!$A$4:$A$156,"<="&DATE(2025,11,30)) | H7: =IFERROR(B7/B6-1,0)
A8: 合計/平均 | B8: =SUM(B3:B7) | C8: =SUM(C3:C7) | D8: =IFERROR(B8/C8,0) | E8: =SUM(E3:E7) | F8: =IFERROR(B8/E8,0) | G8: =SUM(G3:G7)

Sheet イベント効果
A1: イベント効果（実測倍率・平常日=1.00）
A2: この倍率が予想の心臓部。仮値ではなく実績から算出。
A3: イベント種別 | B3: 日平均売上 | C3: 日数 | D3: リフト倍率 | E3: 平常日比+
A4: 平常 | B4: =IFERROR(AVERAGEIFS('日次データ'!$D$4:$D$156,'日次データ'!$C$4:$C$156,$A4),0) | C4: =COUNTIFS('日次データ'!$C$4:$C$156,$A4) | D4: =IFERROR(B4/$B$4,0) | E4: =IFERROR(B4/$B$4-1,0)
A5: 5と0のつく日 | B5: =IFERROR(AVERAGEIFS('日次データ'!$D$4:$D$156,'日次データ'!$C$4:$C$156,$A5),0) | C5: =COUNTIFS('日次データ'!$C$4:$C$156,$A5) | D5: =IFERROR(B5/$B$4,0) | E5: =IFERROR(B5/$B$4-1,0)
A6: ワンダフルデー | B6: =IFERROR(AVERAGEIFS('日次データ'!$D$4:$D$156,'日次データ'!$C$4:$C$156,$A6),0) | C6: =COUNTIFS('日次データ'!$C$4:$C$156,$A6) | D6: =IFERROR(B6/$B$4,0) | E6: =IFERROR(B6/$B$4-1,0)
A7: スーパーSALE | B7: =IFERROR(AVERAGEIFS('日次データ'!$D$4:$D$156,'日次データ'!$C$4:$C$156,$A7),0) | C7: =COUNTIFS('日次データ'!$C$4:$C$156,$A7) | D7: =IFERROR(B7/$B$4,0) | E7: =IFERROR(B7/$B$4-1,0)

Sheet 曜日別
A1: 曜日別 日平均売上（実績）
A2: 曜日 | B2: 日平均売上 | C2: 日数
A3: 月 | B3: =IFERROR(AVERAGEIFS('日次データ'!$D$4:$D$156,'日次データ'!$B$4:$B$156,$A3),0) | C3: =COUNTIFS('日次データ'!$B$4:$B$156,$A3)
A4: 火 | B4: =IFERROR(AVERAGEIFS('日次データ'!$D$4:$D$156,'日次データ'!$B$4:$B$156,$A4),0) | C4: =COUNTIFS('日次データ'!$B$4:$B$156,$A4)
A5: 水 | B5: =IFERROR(AVERAGEIFS('日次データ'!$D$4:$D$156,'日次データ'!$B$4:$B$156,$A5),0) | C5: =COUNTIFS('日次データ'!$B$4:$B$156,$A5)
A6: 木 | B6: =IFERROR(AVERAGEIFS('日次データ'!$D$4:$D$156,'日次データ'!$B$4:$B$156,$A6),0) | C6: =COUNTIFS('日次データ'!$B$4:$B$156,$A6)
A7: 金 | B7: =IFERROR(AVERAGEIFS('日次データ'!$D$4:$D$156,'日次データ'!$B$4:$B$156,$A7),0) | C7: =COUNTIFS('日次データ'!$B$4:$B$156,$A7)
A8: 土 | B8: =IFERROR(AVERAGEIFS('日次データ'!$D$4:$D$156,'日次データ'!$B$4:$B$156,$A8),0) | C8: =COUNTIFS('日次データ'!$B$4:$B$156,$A8)
A9: 日 | B9: =IFERROR(AVERAGEIFS('日次データ'!$D$4:$D$156,'日次データ'!$B$4:$B$156,$A9),0) | C9: =COUNTIFS('日次データ'!$B$4:$B$156,$A9)

Sheet 予想
A1: 次のイベント日 売上予想（実測ベース）
A3: 平常日ベースライン（実測） | B3: ='イベント効果'!B4
A4: 予想したいイベント種別を選択→ | B4: スーパーSALE
A6: 採用リフト倍率（実測） | B6: =IFERROR(INDEX('イベント効果'!$D$4:$D$7,MATCH($B$4,'イベント効果'!$A$4:$A$7,0)),1)
A7: 本命 予想売上（単日） | B7: =B3*B6
A8: 弱気(−20%) | B8: =B7*0.8
A9: 強気(+20%) | B9: =B7*1.2
A11: ※ 倍率は「イベント効果」シートの実測値に自動連動。データが増えれば精度も上がる。

Sheet 読み方
A1: 楽天分析ダッシュボード（2025年7〜11月・実績）の読み方
A3: 【最重要】9月→10月で月商が44%落ちた。原因はアクセス（集客）の半減。
A4: 客単価・転換率は安定〜改善 → 商品や価格ではなく、集客（広告・イベント露出）の問題。
A5: 打ち手：イベント日への広告集中と、平常日の集客底上げ。
A7: 【実測の倍率（予想の心臓部）】平常日=1.00に対し
A8: スーパーSALE ×2.99 / 5と0のつく日 ×2.23 / ワンダフルデー ×1.93
A9: 平常日ベースライン ¥547,647/日（実測112日平均）
A11: 【シート】
A12: 日次データ … 153日の実績（売上/件数/アクセス/転換率/客単価/イベント種別）
A13: 月次トレンド … 月商推移と前月比（悪化は赤）
A14: イベント効果 … 実測の種別別リフト倍率
A15: 曜日別 … 日曜が最強・金曜が最弱
... A18: 色：青字＝入力 / 黒字＝自動計算 / 緑字＝参照。数値はすべて楽天の実データ。
